Equality,Equality E7_20, ,8(@Data GPON),54(@HSI-LITE-GPON),1605,2003, ,1-20-1-7-GE-1-1,derived,none,none,none,none, , , , , , ,
Eldorado,Eldorado, ,39(@RG_ELDR),56(@HSI-R-Pro-GPON),605,1014, ,1-2-4-17-RG-1-1,derived,none,none,none, , , , , , , ,
Equality,Equality E7_20, ,8(@Data GPON),54(@HSI-LITE-GPON),1605,2008, ,1-20-1-14-GE-1-1,derived,none,none,none,none, , , , , , ,
Anna,E7-2 Anna, ,44(@RG_ANNA),56(@HSI-R-Pro-GPON),1705,1000, ,1-1-1-2-RG-1-1,derived,none,none,none, , , , , , , ,
Anna,E7-2 Anna, ,44(@RG_ANNA),41(@HSI-B-Extreme-GPON),1705,1001, ,1-1-1-3-RG-1-1,derived,none,none,none, , , , , , , ,
Leamington,Leamington, ,8(@Data GPON),56(@HSI-R-Pro-GPON),705,1315, ,2-1-2-26-GE-1-1,derived,none,none,none, , , , , , , ,
Eldorado,Eldorado, ,8(@Data GPON),54(@HSI-LITE-GPON),605,1009, ,1-2-3-11-GE-1-1,derived,none,none,none, , , , , , , ,
Leamington,Leamington, ,8(@Data GPON),58(@HSI-R-Turbo-GPON),705,1313, ,2-1-2-22-GE-1-1,derived,none,none,none, , , , , , , ,
Eldorado,Eldorado, ,39(@RG_ELDR),58(@HSI-R-Turbo-GPON),605,1013, ,1-2-4-15-RG-1-1,derived,none,none,none, , , , , , , ,
Equality,Equality E7_20, ,8(@Data GPON),54(@HSI-LITE-GPON),1605,2012, ,1-20-1-12-GE-1-1,derived,none,none,none,none, , , , , , ,
Equality,Equality E7_20, ,8(@Data GPON),54(@HSI-LITE-GPON),1605,2009, ,1-20-1-15-GE-1-1,derived,none,none,none,none, , , , , , ,
Golconda,Golconda, ,8,56,1105,3002, ,3-GE-1-1, ,none,none,none,none, , , , , , ,
Leamington,Leamington, ,8(@Data GPON),56(@HSI-R-Pro-GPON),705,1345, ,2-1-1-19-GE-1-1,derived,none,none,none, , , , , , , ,
Equality,Equality E7_20, ,8(@Data GPON),56(@HSI-R-Pro-GPON),1605,2062, ,1-20-1-8-GE-1-1,derived,none,none,none,none, , , , , , ,
Equality,Equality E7_20, ,8(@Data GPON),56(@HSI-R-Pro-GPON),1605,2007, ,1-20-1-13-GE-1-1,derived,none,none,none,none, , , , , , ,
Equality,Equality E7_20, ,8(@Data GPON),54(@HSI-LITE-GPON),1605,2200, ,1-20-6-16-GE-1-1,derived,none,none,none,none, , , , , , ,
Golconda,Golconda, ,8,56,1105,3003, ,4-GE-1-1, ,none,none,none,none, , , , , , ,
Eldorado,Eldorado, ,8(@Data GPON),56(@HSI-R-Pro-GPON),605,1011, ,1-2-4-13-GE-1-1,derived,none,none,none, , , , , , , ,
Leamington,Leamington, ,8(@Data GPON),54(@HSI-LITE-GPON),705,1312, ,2-1-1-20-GE-1-1,derived,none,none,none, , , , , , , ,
Equality,Equality E7_20, ,8(@Data GPON),54(@HSI-LITE-GPON),1605,2005, ,1-20-1-9-GE-1-1,derived,none,none,none,none, , , , , , ,
Eldorado,Eldorado,Laura and Daniel Bradley,39(@RG_ELDR),54(@HSI-LITE-GPON),605,1012, ,1-2-3-14-RG-1-1,derived,none,none,none, , , , , , , ,
Equality,Equality E7_20, ,8(@Data GPON),56(@HSI-R-Pro-GPON),1605,2015, ,1-20-1-10-GE-1-1,derived,none,none,none,none, , , , , , ,
Eldorado,Eldorado, ,39(@RG_ELDR),56(@HSI-R-Pro-GPON),605,1016, ,1-2-4-18-RG-1-1,derived,none,none,none, , , , , , , ,
Equality,Equality E7_20, ,8(@Data GPON),56(@HSI-R-Pro-GPON),1605,2011, ,1-20-6-18-GE-1-1,derived,none,none,none,none, , , , , , ,
Eldorado,Eldorado, ,8(@Data GPON),58(@HSI-R-Turbo-GPON),605,1023, ,1-1-2-25-GE-1-1,derived,none,none,none, , , , , , , ,
Leamington,Leamington, ,8(@Data GPON),54(@HSI-LITE-GPON),705,1314, ,2-1-2-23-GE-1-1,derived,none,none,none, , , , , , , ,
Eldorado,Eldorado, ,39(@RG_ELDR),54(@HSI-LITE-GPON),605,1015, ,1-2-1-16-RG-1-1,derived,none,none,none, , , , , , , ,
Leamington,Leamington, ,8(@Data GPON),38(@HSI-R-Extreme-GPON),705,1308, ,2-1-2-24-GE-1-1,derived,none,none,none, , , , , , , ,
Leamington,Leamington, ,8(@Data GPON),56(@HSI-R-Pro-GPON),705,1317, ,2-1-2-25-GE-1-1,derived,none,none,none, , , , , , , ,
Eldorado,Eldorado, ,39(@RG_ELDR),56(@HSI-R-Pro-GPON),605,1018, ,1-1-2-20-RG-1-1,derived,none,none,none, , , , , , , ,
Leamington,Leamington, ,8(@Data GPON),54(@HSI-LITE-GPON),705,1330, ,2-1-3-29-GE-1-1,derived,none,none,none, , , , , , , ,
Equality,Equality E7_20, ,8(@Data GPON),43(@HSI-B-Pro-GPON),1605,2038, ,1-20-5-27-GE-1-1,derived,none,none,none,none, , , , , , ,
Eldorado,Eldorado, ,8(@Data GPON),56(@HSI-R-Pro-GPON),605,1019, ,1-1-2-21-GE-1-1,derived,none,none,none, , , , , , , ,
Equality,Equality E7_20, ,8(@Data GPON),54(@HSI-LITE-GPON),1605,2057, ,1-20-6-17-GE-1-1,derived,none,none,none,none, , , , , , ,
Eldorado,Eldorado, ,8(@Data GPON),56(@HSI-R-Pro-GPON),605,1020, ,1-1-2-22-GE-1-1,derived,none,none,none, , , , , , , ,
Eldorado,Eldorado, ,8(@Data GPON),54(@HSI-LITE-GPON),605,1021, ,1-1-2-23-GE-1-1,derived,none,none,none, , , , , , , ,
Eldorado,Eldorado, ,8(@Data GPON),56(@HSI-R-Pro-GPON),605,1022, ,1-1-2-24-GE-1-1,derived,none,none,none, , , , , , , ,
Leamington,Leamington, ,8(@Data GPON),54(@HSI-LITE-GPON),705,1324, ,2-1-3-37-GE-1-1,derived,none,none,none, , , , , , , ,
Equality,Equality E7_20, ,8(@Data GPON),56(@HSI-R-Pro-GPON),1605,2034, ,1-20-6-22-GE-1-1,derived,none,none,none,none, , , , , , ,
Equality,Equality E7_20, ,8(@Data GPON),54(@HSI-LITE-GPON),1605,2010, ,1-20-6-19-GE-1-1,derived,none,none,none,none, , , , , , ,
Equality,Equality E7_20, ,8(@Data GPON),56(@HSI-R-Pro-GPON),1605,2025, ,1-20-6-21-GE-1-1,derived,none,none,none,none, , , , , , ,
Eldorado,Eldorado, ,8(@Data GPON),58(@HSI-R-Turbo-GPON),605,1029, ,1-1-2-31-GE-1-1,derived,none,none,none, , , , , , , ,
Equality,Equality E7_20, ,8(@Data GPON),56(@HSI-R-Pro-GPON),1605,2019, ,1-20-5-35-GE-1-1,derived,none,none,none,none, , , , , , ,
Eldorado,Eldorado, ,8(@Data GPON),56(@HSI-R-Pro-GPON),605,1032, ,1-1-2-34-GE-1-1,derived,none,none,none, , , , , , , ,
Leamington,Leamington, ,8(@Data GPON),54(@HSI-LITE-GPON),705,1335, ,2-1-1-54-GE-1-1,derived,none,none,none, , , , , , , ,
Equality,Equality E7_20, ,8(@Data GPON),54(@HSI-LITE-GPON),1605,2022, ,1-20-5-36-GE-1-1,derived,none,none,none,none, , , , , , ,
Cave In Rock,Cave In Rock, ,2(@Data GPON),56(@HSI-R-Pro-GPON),805,1128, ,3-1-3-1-GE-1-1,derived,none,none,none, , , , , , , ,
Eldorado,Eldorado, ,8(@Data GPON),56(@HSI-R-Pro-GPON),605,1033, ,1-1-2-35-GE-1-1,derived,none,none,none, , , , , , , ,
Leamington,Leamington, ,8(@Data GPON),58(@HSI-R-Turbo-GPON),705,1336, ,2-1-1-55-GE-1-1,derived,none,none,none, , , , , , , ,
Equality,Equality E7_20, ,8(@Data GPON),56(@HSI-R-Pro-GPON),1605,2018, ,1-20-6-23-GE-1-1,derived,none,none,none,none, , , , , , ,
Eldorado,Eldorado, ,8(@Data GPON),56(@HSI-R-Pro-GPON),605,1024, ,1-1-2-26-GE-1-1,derived,none,none,none, , , , , , , ,
Eldorado,Eldorado, ,8(@Data GPON),54(@HSI-LITE-GPON),605,1025, ,1-1-2-27-GE-1-1,derived,none,none,none, , , , , , , ,
Equality,Equality E7_20, ,8(@Data GPON),56(@HSI-R-Pro-GPON),1605,2054, ,1-20-2-26-GE-1-1,derived,none,none,none,none, , , , , , ,
Eldorado,Eldorado, ,8(@Data GPON),56(@HSI-R-Pro-GPON),605,1026, ,1-1-2-28-GE-1-1,derived,none,none,none, , , , , , , ,
Leamington,Leamington, ,8(@Data GPON),56(@HSI-R-Pro-GPON),705,1322, ,2-1-3-42-GE-1-1,derived,none,none,none, , , , , , , ,
Equality,Equality E7_20, ,8(@Data GPON),58(@HSI-R-Turbo-GPON),1605,2017, ,1-20-5-32-GE-1-1,derived,none,none,none,none, , , , , , ,
Eldorado,Eldorado, ,8(@Data GPON),56(@HSI-R-Pro-GPON),605,1030, ,1-2-3-32-GE-1-1,derived,none,none,none, , , , , , , ,
Equality,Equality E7_20, ,8(@Data GPON),56(@HSI-R-Pro-GPON),1605,2016, ,1-20-5-29-GE-1-1,derived,none,none,none,none, , , , , , ,
Eldorado,Eldorado, ,8(@Data GPON),56(@HSI-R-Pro-GPON),605,1027, ,1-1-2-29-GE-1-1,derived,none,none,none, , , , , , , ,
Equality,Equality E7_20, ,8(@Data GPON),54(@HSI-LITE-GPON),1605,2032, ,1-20-5-30-GE-1-1,derived,none,none,none,none, , , , , , ,
Equality,Equality E7_20, ,8(@Data GPON),54(@HSI-LITE-GPON),1605,2059, ,1-20-5-33-GE-1-1,derived,none,none,none,none, , , , , , ,
Leamington,Leamington, ,8(@Data GPON),54(@HSI-LITE-GPON),705,1334, ,2-1-1-53-GE-1-1,derived,none,none,none, , , , , , , ,
Eldorado,Eldorado, ,8(@Data GPON),56(@HSI-R-Pro-GPON),605,1028, ,1-1-2-30-GE-1-1,derived,none,none,none, , , , , , , ,
Equality,Equality E7_20, ,8(@Data GPON),54(@HSI-LITE-GPON),1605,2021, ,1-20-5-31-GE-1-1,derived,none,none,none,none, , , , , , ,
Eldorado,Eldorado, ,8(@Data GPON),56(@HSI-R-Pro-GPON),605,1031, ,1-2-4-33-GE-1-1,derived,none,none,none, , , , , , , ,
Eldorado,Eldorado, ,8(@Data GPON),56(@HSI-R-Pro-GPON),605,1034, ,1-1-2-36-GE-1-1,derived,none,none,none, , , , , , , ,
Leamington,Leamington, ,8(@Data GPON),54(@HSI-LITE-GPON),705,1337, ,2-1-1-56-GE-1-1,derived,none,none,none, , , , , , , ,
Equality,Equality E7_20, ,8(@Data GPON),54(@HSI-LITE-GPON),1605,2020, ,1-20-5-38-GE-1-1,derived,none,none,none,none, , , , , , ,
Equality,Equality E7_20, ,8(@Data GPON),54(@HSI-LITE-GPON),1605,2033, ,1-20-5-37-GE-1-1,derived,none,none,none,none, , , , , , ,
Cave In Rock,Cave In Rock, ,2(@Data GPON),56(@HSI-R-Pro-GPON),805,1702, ,1-2-3-2-GE-1-1,fixed,none,none,none, , , , , , , ,
Cave In Rock,Cave In Rock, ,2(@Data GPON),54(@HSI-LITE-GPON),805,1154, ,1-2-4-3-GE-1-1,derived,none,none,none, , , , , , , ,
Cave In Rock,Cave In Rock, ,2(@Data GPON),58(@HSI-R-Turbo-GPON),805,1194, ,3-2-1-6-GE-1-1,derived,none,none,none, , , , , , , ,
Eldorado,Eldorado, ,8(@Data GPON),58(@HSI-R-Turbo-GPON),605,1037, ,1-1-2-40-GE-1-1,derived,none,none,none, , , , , , , ,
Eldorado,Eldorado, ,8(@Data GPON),56(@HSI-R-Pro-GPON),605,1035, ,1-2-3-37-GE-1-1,derived,none,none,none, , , , , , , ,
Equality,Equality E7_20, ,8(@Data GPON),58(@HSI-R-Turbo-GPON),1605,2061, ,1-20-5-39-GE-1-1,derived,none,none,none,none, , , , , , ,
Leamington,Leamington, ,8(@Data GPON),54(@HSI-LITE-GPON),705,1339, ,2-1-2-58-GE-1-1,derived,none,none,none, , , , , , , ,
Cave In Rock,Cave In Rock, ,2(@Data GPON),56(@HSI-R-Pro-GPON),805,2417, ,2-1-4-4-GE-1-1,fixed,none,none,none, , , , , , , ,
Eldorado,Eldorado, ,8(@Data GPON),38(@HSI-R-Extreme-GPON),605,1017, ,1-1-2-38-GE-1-1,derived,none,none,none, , , , , , , ,
Equality,Equality E7_20, ,8(@Data GPON),56(@HSI-R-Pro-GPON),1605,2026, ,1-20-5-40-GE-1-1,derived,none,none,none,none, , , , , , ,
Leamington,Leamington, ,8(@Data GPON),56(@HSI-R-Pro-GPON),705,1340, ,2-1-1-59-GE-1-1,derived,none,none,none, , , , , , , ,
Simpson,E7-2 Simpson, ,8(@Data GPON),56(@HSI-R-Pro-GPON),1305,1000, ,4-1-1-1-GE-1-1,derived,none,none,none, , , , , , , ,
Cave In Rock,Cave In Rock, ,2(@Data GPON),56(@HSI-R-Pro-GPON),805,1309, ,1-1-3-9-GE-1-1,fixed,none,none,none, , , , , , , ,
Eldorado,Eldorado, ,8(@Data GPON),58(@HSI-R-Turbo-GPON),605,1038, ,1-1-2-41-GE-1-1,derived,none,none,none, , , , , , , ,
Simpson,E7-2 Simpson, ,8(@Data GPON),56(@HSI-R-Pro-GPON),1305,1001, ,4-1-2-2-GE-1-1,derived,none,none,none, , , , , , , ,
Cave In Rock,Cave In Rock, ,2(@Data GPON),56(@HSI-R-Pro-GPON),805,3129, ,3-1-1-10-GE-1-1,fixed,none,none,none, , , , , , , ,
Cave In Rock,Cave In Rock, ,2(@Data GPON),56(@HSI-R-Pro-GPON),805,1170, ,1-1-2-5-GE-1-1,derived,none,none,none, , , , , , , ,
Eldorado,Eldorado, ,8(@Data GPON),56(@HSI-R-Pro-GPON),605,1036, ,1-1-2-39-GE-1-1,derived,none,none,none, , , , , , , ,
Equality,Equality E7_20, ,8(@Data GPON),56(@HSI-R-Pro-GPON),1605,2027, ,1-20-5-41-GE-1-1,derived,none,none,none,none, , , , , , ,
Leamington,Leamington, ,8(@Data GPON),56(@HSI-R-Pro-GPON),705,1341, ,2-1-1-60-GE-1-1,derived,none,none,none, , , , , , , ,
Equality,Equality E7_20, ,8(@Data GPON),54(@HSI-LITE-GPON),1605,2023, ,1-20-5-42-GE-1-1,derived,none,none,none,none, , , , , , ,
Leamington,Leamington, ,8(@Data GPON),56(@HSI-R-Pro-GPON),705,1318, ,2-1-2-66-GE-1-1,derived,none,none,none, , , , , , , ,
Simpson,E7-2 Simpson, ,8(@Data GPON),56(@HSI-R-Pro-GPON),1305,1003, ,4-1-2-3-GE-1-1,derived,none,none,none, , , , , , , ,
Leamington,Leamington, ,23(@TLS),59(@GPON-TLS-256k),510,Not Used, ,2-1-4-67-GE-1-1,derived,none,none,none, , , , , , , ,
Equality,Equality E7_20, ,8(@Data GPON),56(@HSI-R-Pro-GPON),1605,2024, ,1-20-5-45-GE-1-1,derived,none,none,none,none, , , , , , ,
Cave In Rock,Cave In Rock, ,2(@Data GPON),56(@HSI-R-Pro-GPON),805,1203, ,3-1-2-11-GE-1-1,derived,none,none,none, , , , , , , ,
Eldorado,Eldorado, ,8(@Data GPON),58(@HSI-R-Turbo-GPON),605,1040, ,1-1-2-43-GE-1-1,derived,none,none,none, , , , , , , ,
Equality,Equality E7_20, ,8(@Data GPON),43(@HSI-B-Pro-GPON),1605,2065, ,1-20-6-47-GE-1-1,derived,none,none,none,none, , , , , , ,
Leamington,Leamington, ,8(@Data GPON),56(@HSI-R-Pro-GPON),705,1342, ,2-1-2-61-GE-1-1,derived,none,none,none, , , , , , , ,
Equality,Equality E7_20, ,8(@Data GPON),56(@HSI-R-Pro-GPON),1605,2013, ,1-20-5-43-GE-1-1,derived,none,none,none,none, , , , , , ,
Simpson,E7-2 Simpson, ,8(@Data GPON),54(@HSI-LITE-GPON),1305,1017, ,4-1-1-17-GE-1-1,derived,none,none,none, , , , , , , ,
Equality,Equality E7_20, ,8(@Data GPON),56(@HSI-R-Pro-GPON),1605,2045, ,1-20-2-64-GE-1-1,derived,none,none,none,none, , , , , , ,
Equality,Equality E7_20, ,8(@Data GPON),58(@HSI-R-Turbo-GPON),1605,2035, ,1-20-3-73-GE-1-1,derived,none,none,none,none, , , , , , ,
Cave In Rock,Cave In Rock, ,2(@Data GPON),56(@HSI-R-Pro-GPON),805,2501, ,2-2-1-37-GE-1-1,fixed,none,none,none, , , , , , , ,
Equality,Equality E7_20, ,8(@Data GPON),56(@HSI-R-Pro-GPON),1605,2055, ,1-20-2-74-GE-1-1,derived,none,none,none,none, , , , , , ,
Cave In Rock,Cave In Rock, ,2(@Data GPON),56(@HSI-R-Pro-GPON),805,3101, ,3-1-1-38-GE-1-1,fixed,none,none,none, , , , , , , ,
Eldorado,Eldorado, ,8(@Data GPON),56(@HSI-R-Pro-GPON),605,1039, ,1-1-2-42-GE-1-1,derived,none,none,none, , , , , , , ,
Equality,Equality E7_20, ,8(@Data GPON),56(@HSI-R-Pro-GPON),1605,2029, ,1-20-5-44-GE-1-1,derived,none,none,none,none, , , , , , ,
Simpson,E7-2 Simpson, ,8(@Data GPON),54(@HSI-LITE-GPON),1305,1005, ,4-1-2-4-GE-1-1,derived,none,none,none, , , , , , , ,
Leamington,Leamington, ,8(@Data GPON),54(@HSI-LITE-GPON),705,1316, ,2-1-3-69-GE-1-1,derived,none,none,none, , , , , , , ,
Equality,Equality E7_20, ,8(@Data GPON),56(@HSI-R-Pro-GPON),1605,2036, ,1-20-5-46-GE-1-1,derived,none,none,none,none, , , , , , ,
Eldorado,Eldorado, ,8(@Data GPON),56(@HSI-R-Pro-GPON),605,1041, ,1-1-2-44-GE-1-1,derived,none,none,none, , , , , , , ,
Simpson,E7-2 Simpson, ,8(@Data GPON),56(@HSI-R-Pro-GPON),1305,1006, ,4-1-1-5-GE-1-1,derived,none,none,none, , , , , , , ,
Leamington,Leamington, ,8(@Data GPON),56(@HSI-R-Pro-GPON),705,1326, ,2-1-2-71-GE-1-1,derived,none,none,none, , , , , , , ,
Eldorado,Eldorado, ,8(@Data GPON),56(@HSI-R-Pro-GPON),605,1042, ,1-1-2-45-GE-1-1,derived,none,none,none, , , , , , , ,
Equality,Equality E7_20, ,8(@Data GPON),58(@HSI-R-Turbo-GPON),1605,2052, ,1-20-1-48-GE-1-1,derived,none,none,none,none, , , , , , ,
Cave In Rock,Cave In Rock, ,2(@Data GPON),56(@HSI-R-Pro-GPON),805,1158, ,2-2-4-14-GE-1-1,derived,none,none,none, , , , , , , ,
Cave In Rock,Cave In Rock, ,2(@Data GPON),56(@HSI-R-Pro-GPON),805,1200, ,1-1-2-13-GE-1-1,derived,none,none,none, , , , , , , ,
Cave In Rock,Cave In Rock, ,2(@Data GPON),56(@HSI-R-Pro-GPON),805,1137, ,2-2-1-16-GE-1-1,derived,none,none,none, , , , , , , ,
Leamington,Leamington, ,8(@Data GPON),56(@HSI-R-Pro-GPON),705,1325, ,2-1-1-74-GE-1-1,derived,none,none,none, , , , , , , ,
Equality,Equality E7_20, ,8(@Data GPON),56(@HSI-R-Pro-GPON),1605,2037, ,1-20-1-50-GE-1-1,derived,none,none,none,none, , , , , , ,
Eldorado,Eldorado, ,8(@Data GPON),58(@HSI-R-Turbo-GPON),605,1044, ,1-2-4-47-GE-1-1,derived,none,none,none, , , , , , , ,
Leamington,Leamington, ,8(@Data GPON),38(@HSI-R-Extreme-GPON),705,1338, ,2-1-4-75-GE-1-1,derived,none,none,none, , , , , , , ,
Eldorado,Eldorado, ,8(@Data GPON),56(@HSI-R-Pro-GPON),605,1045, ,1-1-1-48-GE-1-1,derived,none,none,none, , , , , , , ,
Leamington,Leamington, ,8(@Data GPON),56(@HSI-R-Pro-GPON),705,1347, ,2-1-1-76-GE-1-1,derived,none,none,none, , , , , , , ,
Simpson,E7-2 Simpson, ,8(@Data GPON),54(@HSI-LITE-GPON),1305,1009, ,4-1-1-9-GE-1-1,derived,none,none,none, , , , , , , ,
Simpson,E7-2 Simpson, ,8(@Data GPON),56(@HSI-R-Pro-GPON),1305,1008, ,4-1-1-6-GE-1-1,derived,none,none,none, , , , , , , ,
Leamington,Leamington, ,8(@Data GPON),54(@HSI-LITE-GPON),705,1343, ,2-1-1-72-GE-1-1,derived,none,none,none, , , , , , , ,
Eldorado,Eldorado, ,8(@Data GPON),56(@HSI-R-Pro-GPON),605,1043, ,1-1-2-46-GE-1-1,derived,none,none,none, , , , , , , ,
Equality,Equality E7_20, ,8(@Data GPON),58(@HSI-R-Turbo-GPON),1605,2030, ,1-20-5-49-GE-1-1,derived,none,none,none,none, , , , , , ,
Leamington,Leamington, ,8(@Data GPON),54(@HSI-LITE-GPON),705,1344, ,2-1-1-73-GE-1-1,derived,none,none,none, , , , , , , ,
Simpson,E7-2 Simpson, ,8(@Data GPON),56(@HSI-R-Pro-GPON),1305,1004, ,4-1-1-7-GE-1-1,derived,none,none,none, , , , , , , ,
Equality,Equality E7_20, ,8(@Data GPON),38(@HSI-R-Extreme-GPON),1605,2040, ,1-20-3-51-GE-1-1,derived,none,none,none,none, , , , , , ,
Cave In Rock,Cave In Rock, ,2(@Data GPON),56(@HSI-R-Pro-GPON),805,1192, ,2-1-4-17-GE-1-1,derived,none,none,none, , , , , , , ,
Simpson,E7-2 Simpson, ,8(@Data GPON),58(@HSI-R-Turbo-GPON),1305,1007, ,4-1-2-8-GE-1-1,derived,none,none,none, , , , , , , ,
Equality,Equality E7_20, ,8(@Data GPON),54(@HSI-LITE-GPON),1605,2042, ,1-20-2-56-GE-1-1,derived,none,none,none,none, , , , , , ,
Equality,Equality E7_20, ,8(@Data GPON),43(@HSI-B-Pro-GPON),1605,2039, ,1-20-2-54-GE-1-1,derived,none,none,none,none, , , , , , ,
Cave In Rock,Cave In Rock, ,2(@Data GPON),56(@HSI-R-Pro-GPON),805,1195, ,3-1-4-19-GE-1-1,derived,none,none,none, , , , , , , ,
Simpson,E7-2 Simpson, ,8(@Data GPON),54(@HSI-LITE-GPON),1305,1011, ,4-1-2-12-GE-1-1,derived,none,none,none, , , , , , , ,
Eldorado,Eldorado, ,8(@Data GPON),56(@HSI-R-Pro-GPON),605,1046, ,1-2-3-49-GE-1-1,derived,none,none,none, , , , , , , ,
Eldorado,Eldorado, ,8(@Data GPON),61(@GPON 1GiG),605,1060, ,1-1-4-654323-GE-1-1,derived,none,none,none, , , , , , , ,
Equality,Equality E7_20, ,8(@Data GPON),56(@HSI-R-Pro-GPON),1605,2041, ,1-20-2-55-GE-1-1,derived,none,none,none,none, , , , , , ,
Cave In Rock,Cave In Rock, ,2(@Data GPON),56(@HSI-R-Pro-GPON),805,1101, ,3-1-3-20-GE-1-1,derived,none,none,none, , , , , , , ,
Simpson,E7-2 Simpson, ,8(@Data GPON),54(@HSI-LITE-GPON),1305,1014, ,4-1-1-13-GE-1-1,derived,none,none,none, , , , , , , ,
Cave In Rock,Cave In Rock, ,2(@Data GPON),56(@HSI-R-Pro-GPON),805,1197, ,2-2-1-21-GE-1-1,derived,none,none,none, , , , , , , ,
Cave In Rock,Cave In Rock, ,12(@GPON Single Tag),38(@HSI-R-Extreme-GPON),806,Not Used, ,2-2-2-26-GE-1-1,fixed,none,none,none, , , , , , , ,
Simpson,E7-2 Simpson, ,8(@Data GPON),56(@HSI-R-Pro-GPON),1305,1002, ,4-1-2-19-GE-1-1,derived,none,none,none, , , , , , , ,
Equality,Equality E7_20, ,8(@Data GPON),54(@HSI-LITE-GPON),1605,2046, ,1-20-2-65-GE-1-1,derived,none,none,none,none, , , , , , ,
Cave In Rock,Cave In Rock, ,2(@Data GPON),43(@HSI-B-Pro-GPON),805,2628, ,2-2-2-28-GE-1-1,fixed,none,none,none, , , , , , , ,
Simpson,E7-2 Simpson, ,8(@Data GPON),56(@HSI-R-Pro-GPON),1305,1013, ,4-1-1-20-GE-1-1,derived,none,none,none, , , , , , , ,
Equality,Equality E7_20, ,8(@Data GPON),54(@HSI-LITE-GPON),1605,2048, ,1-20-2-67-GE-1-1,derived,none,none,none,none, , , , , , ,
Simpson,E7-2 Simpson, ,8(@Data GPON),56(@HSI-R-Pro-GPON),1305,1015, ,4-1-1-15-GE-1-1,derived,none,none,none, , , , , , , ,
Cave In Rock,Cave In Rock, ,2(@Data GPON),58(@HSI-R-Turbo-GPON),805,1205, ,3-1-2-22-GE-1-1,derived,none,none,none, , , , , , , ,
Equality,Equality E7_20, ,8(@Data GPON),54(@HSI-LITE-GPON),1605,2044, ,1-20-2-62-GE-1-1,derived,none,none,none,none, , , , , , ,
Equality,Equality E7_20, ,8(@Data GPON),54(@HSI-LITE-GPON),1605,2043, ,1-20-2-63-GE-1-1,derived,none,none,none,none, , , , , , ,
Cave In Rock,Cave In Rock, ,2(@Data GPON),56(@HSI-R-Pro-GPON),805,1828, ,1-2-4-24-GE-1-1,fixed,none,none,none, , , , , , , ,
Simpson,E7-2 Simpson, ,8(@Data GPON),56(@HSI-R-Pro-GPON),1305,1016, ,4-1-2-18-GE-1-1,derived,none,none,none, , , , , , , ,
Simpson,E7-2 Simpson, ,8(@Data GPON),56(@HSI-R-Pro-GPON),1305,1012, ,4-1-1-21-GE-1-1,derived,none,none,none, , , , , , , ,
Equality,Equality E7_20, ,8(@Data GPON),56(@HSI-R-Pro-GPON),1605,2049, ,1-20-2-68-GE-1-1,derived,none,none,none,none, , , , , , ,
Equality,Equality E7_20, ,8(@Data GPON),54(@HSI-LITE-GPON),1605,2060, ,1-20-2-69-GE-1-1,derived,none,none,none,none, , , , , , ,
Simpson,E7-2 Simpson, ,8(@Data GPON),56(@HSI-R-Pro-GPON),1305,1065, ,4-1-3-23-GE-1-1,derived,none,none,none, , , , , , , ,
Cave In Rock,Cave In Rock, ,2(@Data GPON),56(@HSI-R-Pro-GPON),805,1532, ,2-2-1-34-GE-1-1,derived,none,none,none, , , , , , , ,
Equality,Equality E7_20, ,8(@Data GPON),56(@HSI-R-Pro-GPON),1605,2051, ,1-20-2-70-GE-1-1,derived,none,none,none,none, , , , , , ,
Simpson,E7-2 Simpson, ,8(@Data GPON),54(@HSI-LITE-GPON),1305,1021, ,4-1-3-24-GE-1-1,derived,none,none,none, , , , , , , ,
Cave In Rock,Cave In Rock, ,2(@Data GPON),54(@HSI-LITE-GPON),805,1531, ,2-2-1-35-GE-1-1,fixed,none,none,none, , , , , , , ,
Equality,Equality E7_20, ,8(@Data GPON),56(@HSI-R-Pro-GPON),1605,2028, ,1-20-2-71-GE-1-1,derived,none,none,none,none, , , , , , ,
Cave In Rock,Cave In Rock, ,2(@Data GPON),56(@HSI-R-Pro-GPON),805,1529, ,1-2-1-29-GE-1-1,fixed,none,none,none, , , , , , , ,
Simpson,E7-2 Simpson, ,8(@Data GPON),56(@HSI-R-Pro-GPON),1305,1019, ,4-1-1-22-GE-1-1,derived,none,none,none, , , , , , , ,
Cave In Rock,Cave In Rock, ,2(@Data GPON),56(@HSI-R-Pro-GPON),805,1732, ,1-2-3-32-GE-1-1,fixed,none,none,none, , , , , , , ,
Simpson,E7-2 Simpson, ,8(@Data GPON),56(@HSI-R-Pro-GPON),1305,1023, ,4-1-3-25-GE-1-1,derived,none,none,none, , , , , , , ,
Equality,Equality E7_20, ,8(@Data GPON),56(@HSI-R-Pro-GPON),1605,2053, ,1-20-2-72-GE-1-1,derived,none,none,none,none, , , , , , ,
Simpson,E7-2 Simpson, ,8(@Data GPON),58(@HSI-R-Turbo-GPON),1305,1025, ,4-1-3-29-GE-1-1,derived,none,none,none, , , , , , , ,
Equality,Equality E7_20, ,8(@Data GPON),43(@HSI-B-Pro-GPON),1605,2006, ,1-20-2-76-GE-1-1,derived,none,none,none,none, , , , , , ,
Cave In Rock,Cave In Rock, ,2(@Data GPON),56(@HSI-R-Pro-GPON),805,1816, ,1-2-4-39-GE-1-1,fixed,none,none,none, , , , , , , ,
Equality,Equality E7_20, ,8(@Data GPON),54(@HSI-LITE-GPON),1605,2047, ,1-20-3-79-GE-1-1,derived,none,none,none,none, , , , , , ,
Simpson,E7-2 Simpson, ,8(@Data GPON),56(@HSI-R-Pro-GPON),1305,1034, ,4-1-4-37-GE-1-1,derived,none,none,none, , , , , , , ,
Cave In Rock,Cave In Rock, ,2(@Data GPON),54(@HSI-LITE-GPON),805,1827, ,1-2-4-42-GE-1-1,fixed,none,none,none, , , , , , , ,
Cave In Rock,Cave In Rock, ,2(@Data GPON),58(@HSI-R-Turbo-GPON),805,1217, ,2-2-4-43-GE-1-1,derived,none,none,none, , , , , , , ,
Cave In Rock,Cave In Rock, ,2(@Data GPON),56(@HSI-R-Pro-GPON),805,1413, ,1-1-4-44-GE-1-1,fixed,none,none,none, , , , , , , ,
Equality,Equality E7_20, ,8(@Data GPON),58(@HSI-R-Turbo-GPON),1605,2031, ,1-20-2-83-GE-1-1,derived,none,none,none,none, , , , , , ,
Cave In Rock,Cave In Rock, ,2(@Data GPON),56(@HSI-R-Pro-GPON),805,1304, ,1-1-3-36-GE-1-1,fixed,none,none,none, , , , , , , ,
Cave In Rock,Cave In Rock, ,2(@Data GPON),35(@HSI-B-Pro),805,3220, ,3-1-2-80-GE-1-1,fixed,none,none,none, , , , , , , ,
Cave In Rock,Cave In Rock, ,2(@Data GPON),35(@HSI-B-Pro),805,3233, ,3-1-2-80-GE-2-2,fixed,none,none,none, , , , , , , ,
Simpson,E7-2 Simpson, ,8(@Data GPON),56(@HSI-R-Pro-GPON),1305,1018, ,4-1-2-73-GE-1-1,derived,none,none,none, , , , , , , ,
Cave In Rock,Cave In Rock, ,2(@Data GPON),56(@HSI-R-Pro-GPON),805,2405, ,2-1-4-81-GE-1-1,fixed,none,none,none, , , , , , , ,
Cave In Rock,Cave In Rock, ,2(@Data GPON),20(@GPON Data 20dwn/2up),805,1207, ,82-GE-1-1,fixed,none,none,none, , , , , , , ,
Cave In Rock,Cave In Rock, ,2(@Data GPON),56(@HSI-R-Pro-GPON),805,1328, ,1-1-3-84-GE-1-1,fixed,none,none,none, , , , , , , ,
Simpson,E7-2 Simpson, ,8(@Data GPON),58(@HSI-R-Turbo-GPON),1305,1024, ,4-1-3-77-GE-1-1,derived,none,none,none, , , , , , , ,
Cave In Rock,Cave In Rock, ,2(@Data GPON),54(@HSI-LITE-GPON),805,1108, ,1-1-1-86-GE-1-1,fixed,none,none,none, , , , , , , ,
Cave In Rock,Cave In Rock, ,2(@Data GPON),56(@HSI-R-Pro-GPON),805,2803, ,2-2-4-87-GE-1-1,fixed,none,none,none, , , , , , , ,
Simpson,E7-2 Simpson, ,8(@Data GPON),56(@HSI-R-Pro-GPON),1305,1069, ,4-1-7-86-GE-1-1,derived,none,none,none, , , , , , , ,
Cave In Rock,Cave In Rock, ,2(@Data GPON),56(@HSI-R-Pro-GPON),805,2220, ,2-1-2-90-GE-1-1,fixed,none,none,none, , , , , , , ,
Simpson,E7-2 Simpson, ,8(@Data GPON),56(@HSI-R-Pro-GPON),1305,1026, ,4-1-3-30-GE-1-1,derived,none,none,none, , , , , , , ,
Equality,Equality E7_20, ,8(@Data GPON),56(@HSI-R-Pro-GPON),1605,2056, ,1-20-3-75-GE-1-1,derived,none,none,none,none, , , , , , ,
Simpson,E7-2 Simpson, ,8(@Data GPON),56(@HSI-R-Pro-GPON),1305,1032, ,4-1-4-35-GE-1-1,derived,none,none,none, , , , , , , ,
Equality,Equality E7_20, ,8(@Data GPON),58(@HSI-R-Turbo-GPON),1605,2014, ,1-20-4-77-GE-1-1,derived,none,none,none,none, , , , , , ,
Cave In Rock,Cave In Rock, ,2(@Data GPON),56(@HSI-R-Pro-GPON),805,1823, ,1-2-4-41-GE-1-1,fixed,none,none,none, , , , , , , ,
Equality,Equality E7_20, ,8(@Data GPON),58(@HSI-R-Turbo-GPON),1605,2065, ,1-20-2-80-GE-1-1,derived,none,none,none,none, , , , , , ,
Simpson,E7-2 Simpson, ,8(@Data GPON),56(@HSI-R-Pro-GPON),1305,1027, ,4-1-4-38-GE-1-1,derived,none,none,none, , , , , , , ,
Equality,Equality E7_20, ,8(@Data GPON),56(@HSI-R-Pro-GPON),1605,2058, ,1-20-6-81-GE-1-1,derived,none,none,none,none, , , , , , ,
Simpson,E7-2 Simpson, ,8(@Data GPON),54(@HSI-LITE-GPON),1305,1036, ,4-1-3-40-GE-1-1,derived,none,none,none, , , , , , , ,
Simpson,E7-2 Simpson, ,8(@Data GPON),54(@HSI-LITE-GPON),1305,1031, ,4-1-3-42-GE-1-1,derived,none,none,none, , , , , , , ,
Simpson,E7-2 Simpson, ,8(@Data GPON),38(@HSI-R-Extreme-GPON),1305,1158, ,4-1-5-45-GE-1-1,derived,none,none,none, , , , , , , ,
Cave In Rock,Cave In Rock, ,2(@Data GPON),56(@HSI-R-Pro-GPON),805,1140, ,3-1-3-50-GE-1-1,derived,none,none,none, , , , , , , ,
Simpson,E7-2 Simpson, ,8(@Data GPON),56(@HSI-R-Pro-GPON),1305,1038, ,4-1-5-46-GE-1-1,derived,none,none,none, , , , , , , ,
Equality,Equality E7_20, ,8(@Data GPON),56(@HSI-R-Pro-GPON),1605,2064, ,1-20-6-89-GE-1-1,derived,none,none,none,none, , , , , , ,
Cave In Rock,Cave In Rock, ,2(@Data GPON),56(@HSI-R-Pro-GPON),805,2531, ,2-2-1-56-GE-1-1,fixed,none,none,none, , , , , , , ,
Simpson,E7-2 Simpson, ,8(@Data GPON),56(@HSI-R-Pro-GPON),1305,1044, ,4-1-5-53-GE-1-1,derived,none,none,none, , , , , , , ,
Simpson,E7-2 Simpson, ,8(@Data GPON),56(@HSI-R-Pro-GPON),1305,1029, ,4-1-3-41-GE-1-1,derived,none,none,none, , , , , , , ,
Cave In Rock,Cave In Rock, ,2(@Data GPON),58(@HSI-R-Turbo-GPON),805,3102, ,3-1-2-45-GE-1-1,fixed,none,none,none, , , , , , , ,
Equality,Equality E7_20, ,8(@Data GPON),54(@HSI-LITE-GPON),1605,2050, ,1-20-3-85-GE-1-1,derived,none,none,none,none, , , , , , ,
Simpson,E7-2 Simpson, ,8(@Data GPON),56(@HSI-R-Pro-GPON),1305,1033, ,4-1-3-43-GE-1-1,derived,none,none,none, , , , , , , ,
Cave In Rock,Cave In Rock, ,2(@Data GPON),54(@HSI-LITE-GPON),805,3301, ,3-1-3-47-GE-1-1,fixed,none,none,none, , , , , , , ,
Equality,Equality E7_20, ,8(@Data GPON),54(@HSI-LITE-GPON),1605,2063, ,1-20-5-86-GE-1-1,derived,none,none,none,none, , , , , , ,
Simpson,E7-2 Simpson, ,8(@Data GPON),56(@HSI-R-Pro-GPON),1305,1030, ,4-1-3-44-GE-1-1,derived,none,none,none, , , , , , , ,
Cave In Rock,Cave In Rock, ,2(@Data GPON),56(@HSI-R-Pro-GPON),805,1199, ,3-2-1-49-GE-1-1,derived,none,none,none, , , , , , , ,
Equality,Equality E7_20, ,8(@Data GPON),58(@HSI-R-Turbo-GPON),1605,2066, ,1-20-6-87-GE-1-1,derived,none,none,none,none, , , , , , ,
Cave In Rock,Cave In Rock, ,2(@Data GPON),56(@HSI-R-Pro-GPON),805,1193, ,3-1-3-51-GE-1-1,derived,none,none,none, , , , , , , ,
Simpson,E7-2 Simpson, ,8(@Data GPON),56(@HSI-R-Pro-GPON),1305,1039, ,4-1-5-47-GE-1-1,derived,none,none,none, , , , , , , ,
Cave In Rock,Cave In Rock, ,2(@Data GPON),58(@HSI-R-Turbo-GPON),805,1161, ,3-1-4-52-GE-1-1,derived,none,none,none, , , , , , , ,
Simpson,E7-2 Simpson, ,8(@Data GPON),54(@HSI-LITE-GPON),1305,1040, ,4-1-5-48-GE-1-1,derived,none,none,none, , , , , , , ,
Cave In Rock,Cave In Rock, ,2(@Data GPON),56(@HSI-R-Pro-GPON),805,3219, ,3-1-2-53-GE-1-1,fixed,none,none,none, , , , , , , ,
Simpson,E7-2 Simpson, ,8(@Data GPON),56(@HSI-R-Pro-GPON),1305,1041, ,4-1-5-49-GE-1-1,derived,none,none,none, , , , , , , ,
Cave In Rock,Cave In Rock, ,2(@Data GPON),56(@HSI-R-Pro-GPON),805,2203, ,2-1-2-54-GE-1-1,fixed,none,none,none, , , , , , , ,
Simpson,E7-2 Simpson, ,8(@Data GPON),43(@HSI-B-Pro-GPON),1305,1037, ,4-1-5-51-GE-1-1,derived,none,none,none, , , , , , , ,
Cave In Rock,Cave In Rock, ,2(@Data GPON),56(@HSI-R-Pro-GPON),805,1180, ,2-1-2-55-GE-1-1,derived,none,none,none, , , , , , , ,
Simpson,E7-2 Simpson, ,8(@Data GPON),56(@HSI-R-Pro-GPON),1305,1085, ,4-1-5-52-GE-1-1,derived,none,none,none, , , , , , , ,
Cave In Rock,Cave In Rock, ,2(@Data GPON),56(@HSI-R-Pro-GPON),805,1125, ,1-2-1-58-GE-1-1,fixed,none,none,none, , , , , , , ,
Simpson,E7-2 Simpson, ,8(@Data GPON),56(@HSI-R-Pro-GPON),1305,1046, ,4-1-5-55-GE-1-1,derived,none,none,none, , , , , , , ,
Cave In Rock,Cave In Rock, ,2(@Data GPON),56(@HSI-R-Pro-GPON),805,1187, ,2-2-4-59-GE-1-1,derived,none,none,none, , , , , , , ,
Cave In Rock,Cave In Rock, ,2(@Data GPON),43(@HSI-B-Pro-GPON),805,1227, ,2-2-2-60-GE-1-1,derived,none,none,none, , , , , , , ,
Cave In Rock,Cave In Rock, ,2(@Data GPON),58(@HSI-R-Turbo-GPON),805,1330, ,1-1-3-61-GE-1-1,fixed,none,none,none, , , , , , , ,
Cave In Rock,Cave In Rock, ,2(@Data GPON),56(@HSI-R-Pro-GPON),805,3202, ,3-1-2-63-GE-1-1,fixed,none,none,none, , , , , , , ,
Simpson,E7-2 Simpson, ,8(@Data GPON),56(@HSI-R-Pro-GPON),1305,1051, ,4-1-5-60-GE-1-1,derived,none,none,none, , , , , , , ,
Cave In Rock,Cave In Rock, ,2(@Data GPON),58(@HSI-R-Turbo-GPON),805,1184, ,1-1-2-66-GE-1-1,derived,none,none,none, , , , , , , ,
Cave In Rock,Cave In Rock, ,2(@Data GPON),56(@HSI-R-Pro-GPON),805,1112, ,1-2-1-71-GE-1-1,fixed,none,none,none, , , , , , , ,
Simpson,E7-2 Simpson, ,8(@Data GPON),54(@HSI-LITE-GPON),1305,1056, ,4-1-6-65-GE-1-1,derived,none,none,none, , , , , , , ,
Simpson,E7-2 Simpson, ,8(@Data GPON),54(@HSI-LITE-GPON),1305,1057, ,4-1-6-66-GE-1-1,derived,none,none,none, , , , , , , ,
Cave In Rock,Cave In Rock, ,2(@Data GPON),54(@HSI-LITE-GPON),805,2802, ,2-2-4-74-GE-1-1,fixed,none,none,none, , , , , , , ,
Simpson,E7-2 Simpson, ,8(@Data GPON),56(@HSI-R-Pro-GPON),1305,1061, ,4-1-6-70-GE-1-1,derived,none,none,none, , , , , , , ,
Simpson,E7-2 Simpson, ,8(@Data GPON),56(@HSI-R-Pro-GPON),1305,1010, ,4-1-1-75-GE-1-1,derived,none,none,none, , , , , , , ,
Simpson,E7-2 Simpson, ,8(@Data GPON),58(@HSI-R-Turbo-GPON),1305,1022, ,4-1-3-76-GE-1-1,derived,none,none,none, , , , , , , ,
Simpson,E7-2 Simpson, ,8(@Data GPON),56(@HSI-R-Pro-GPON),1305,1067, ,4-1-7-84-GE-1-1,derived,none,none,none, , , , , , , ,
Cave In Rock,Cave In Rock, ,2(@Data GPON),54(@HSI-LITE-GPON),805,1815, ,1-2-4-88-GE-1-1,fixed,none,none,none, , , , , , , ,
Simpson,E7-2 Simpson, ,8(@Data GPON),54(@HSI-LITE-GPON),1305,1068, ,4-1-7-85-GE-1-1,derived,none,none,none, , , , , , , ,
Cave In Rock,Cave In Rock, ,2(@Data GPON),54(@HSI-LITE-GPON),805,2629, ,2-2-2-89-GE-1-1,derived,none,none,none, , , , , , , ,
Simpson,E7-2 Simpson, ,8(@Data GPON),54(@HSI-LITE-GPON),1305,1047, ,4-1-5-56-GE-1-1,derived,none,none,none, , , , , , , ,
Simpson,E7-2 Simpson, ,8(@Data GPON),56(@HSI-R-Pro-GPON),1305,1048, ,4-1-5-57-GE-1-1,derived,none,none,none, , , , , , , ,
Cave In Rock,Cave In Rock, ,2(@Data GPON),54(@HSI-LITE-GPON),805,3120, ,3-1-1-62-GE-1-1,fixed,none,none,none, , , , , , , ,
Simpson,E7-2 Simpson, ,8(@Data GPON),58(@HSI-R-Turbo-GPON),1305,1049, ,4-1-5-58-GE-1-1,derived,none,none,none, , , , , , , ,
Simpson,E7-2 Simpson, ,8(@Data GPON),54(@HSI-LITE-GPON),1305,1052, ,4-1-6-61-GE-1-1,derived,none,none,none, , , , , , , ,
Cave In Rock,Cave In Rock, ,2(@Data GPON),54(@HSI-LITE-GPON),805,3303, ,3-1-3-68-GE-1-1,fixed,none,none,none, , , , , , , ,
Simpson,E7-2 Simpson, ,8(@Data GPON),43(@HSI-B-Pro-GPON),1305,1055, ,4-1-6-64-GE-1-1,derived,none,none,none, , , , , , , ,
Cave In Rock,Cave In Rock, ,2(@Data GPON),56(@HSI-R-Pro-GPON),805,1225, ,1-1-2-69-GE-1-1,fixed,none,none,none, , , , , , , ,
Cave In Rock,Cave In Rock, ,2(@Data GPON),56(@HSI-R-Pro-GPON),805,1131, ,2-1-4-72-GE-1-1,derived,none,none,none, , , , , , , ,
Cave In Rock,Cave In Rock, ,2(@Data GPON),54(@HSI-LITE-GPON),805,1408, ,1-1-4-73-GE-1-1,fixed,none,none,none, , , , , , , ,
Simpson,E7-2 Simpson, ,8(@Data GPON),56(@HSI-R-Pro-GPON),1305,1058, ,4-1-6-67-GE-1-1,derived,none,none,none, , , , , , , ,
Simpson,E7-2 Simpson, ,8(@Data GPON),58(@HSI-R-Turbo-GPON),1305,1059, ,4-1-6-68-GE-1-1,derived,none,none,none, , , , , , , ,
Simpson,E7-2 Simpson, ,8(@Data GPON),56(@HSI-R-Pro-GPON),1305,1060, ,4-1-6-69-GE-1-1,derived,none,none,none, , , , , , , ,
Cave In Rock,Cave In Rock, ,2(@Data GPON),56(@HSI-R-Pro-GPON),805,1202, ,1-1-4-76-GE-1-1,derived,none,none,none, , , , , , , ,
Cave In Rock,Cave In Rock, ,2(@Data GPON),56(@HSI-R-Pro-GPON),805,3304, ,3-1-3-77-GE-1-1,fixed,none,none,none, , , , , , , ,
Simpson,E7-2 Simpson, ,8(@Data GPON),56(@HSI-R-Pro-GPON),1305,1062, ,4-1-6-71-GE-1-1,derived,none,none,none, , , , , , , ,
Simpson,E7-2 Simpson, ,8(@Data GPON),54(@HSI-LITE-GPON),1305,1063, ,4-1-8-72-GE-1-1,derived,none,none,none, , , , , , , ,
Cave In Rock,Cave In Rock, ,2(@Data GPON),56(@HSI-R-Pro-GPON),805,3414, ,3-1-4-79-GE-1-1,fixed,none,none,none, , , , , , , ,
Simpson,E7-2 Simpson, ,8(@Data GPON),56(@HSI-R-Pro-GPON),1305,1071, ,4-1-7-88-GE-1-1,derived,none,none,none, , , , , , , ,
Cave In Rock,Cave In Rock, ,2(@Data GPON),38(@HSI-R-Extreme-GPON),805,1332, ,1-1-3-92-GE-1-1,fixed,none,none,none, , , , , , , ,
Simpson,E7-2 Simpson, ,8(@Data GPON),56(@HSI-R-Pro-GPON),1305,1072, ,4-1-7-89-GE-1-1,derived,none,none,none, , , , , , , ,
Cave In Rock,Cave In Rock, ,2(@Data GPON),54(@HSI-LITE-GPON),805,1109, ,1-1-1-94-GE-1-1,fixed,none,none,none, , , , , , , ,
Simpson,E7-2 Simpson, ,8(@Data GPON),54(@HSI-LITE-GPON),1305,1073, ,4-1-8-90-GE-1-1,derived,none,none,none, , , , , , , ,
Cave In Rock,Cave In Rock, ,2(@Data GPON),54(@HSI-LITE-GPON),805,2523, ,2-2-1-95-GE-1-1,fixed,none,none,none, , , , , , , ,
Simpson,E7-2 Simpson, ,8(@Data GPON),56(@HSI-R-Pro-GPON),1305,1074, ,4-1-7-91-GE-1-1,derived,none,none,none, , , , , , , ,
Cave In Rock,Cave In Rock, ,2(@Data GPON),56(@HSI-R-Pro-GPON),805,1315, ,1-1-3-96-GE-1-1,fixed,none,none,none, , , , , , , ,
Simpson,E7-2 Simpson, ,8(@Data GPON),54(@HSI-LITE-GPON),1305,1075, ,4-1-8-92-GE-1-1,derived,none,none,none, , , , , , , ,
Cave In Rock,Cave In Rock, ,2(@Data GPON),38(@HSI-R-Extreme-GPON),805,1214, ,1-1-3-97-GE-1-1,derived,none,none,none, , , , , , , ,
Simpson,E7-2 Simpson, ,8(@Data GPON),56(@HSI-R-Pro-GPON),1305,1076, ,4-1-7-93-GE-1-1,derived,none,none,none, , , , , , , ,
Cave In Rock,Cave In Rock, ,2(@Data GPON),56(@HSI-R-Pro-GPON),805,1167, ,2-1-4-98-GE-1-1,derived,none,none,none, , , , , , , ,
Simpson,E7-2 Simpson, ,8(@Data GPON),54(@HSI-LITE-GPON),1305,1077, ,4-1-7-94-GE-1-1,derived,none,none,none, , , , , , , ,
Cave In Rock,Cave In Rock, ,2(@Data GPON),56(@HSI-R-Pro-GPON),805,1208, ,1-2-3-99-GE-1-1,derived,none,none,none, , , , , , , ,
Simpson,E7-2 Simpson, ,8(@Data GPON),54(@HSI-LITE-GPON),1305,1078, ,4-1-7-95-GE-1-1,derived,none,none,none, , , , , , , ,
Cave In Rock,Cave In Rock, ,2(@Data GPON),54(@HSI-LITE-GPON),805,1145, ,3-1-2-100-GE-1-1,derived,none,none,none, , , , , , , ,
Simpson,E7-2 Simpson, ,8(@Data GPON),56(@HSI-R-Pro-GPON),1305,1150, ,4-1-7-96-GE-1-1,derived,none,none,none, , , , , , , ,
Cave In Rock,Cave In Rock, ,2(@Data GPON),56(@HSI-R-Pro-GPON),805,1166, ,2-1-2-101-GE-1-1,derived,none,none,none, , , , , , , ,
Simpson,E7-2 Simpson, ,8(@Data GPON),43(@HSI-B-Pro-GPON),1305,1080, ,4-1-8-97-GE-1-1,derived,none,none,none, , , , , , , ,
Cave In Rock,Cave In Rock, ,2(@Data GPON),56(@HSI-R-Pro-GPON),805,1135, ,3-1-3-102-GE-1-1,derived,none,none,none, , , , , , , ,
Simpson,E7-2 Simpson, ,8(@Data GPON),54(@HSI-LITE-GPON),1305,1082, ,4-1-7-99-GE-1-1,derived,none,none,none, , , , , , , ,
Cave In Rock,Cave In Rock, ,2(@Data GPON),54(@HSI-LITE-GPON),805,1312, ,1-1-3-103-GE-1-1,fixed,none,none,none, , , , , , , ,
Simpson,E7-2 Simpson, ,8(@Data GPON),56(@HSI-R-Pro-GPON),1305,1083, ,4-1-8-100-GE-1-1,derived,none,none,none, , , , , , , ,
Cave In Rock,Cave In Rock, ,2(@Data GPON),54(@HSI-LITE-GPON),805,1325, ,1-1-3-104-GE-1-1,fixed,none,none,none, , , , , , , ,
Cave In Rock,Cave In Rock, ,2(@Data GPON),56(@HSI-R-Pro-GPON),805,2816, ,2-2-4-109-GE-1-1,fixed,none,none,none, , , , , , , ,
Simpson,E7-2 Simpson, ,8(@Data GPON),56(@HSI-R-Pro-GPON),1305,1045, ,4-1-8-103-GE-1-1,derived,none,none,none, , , , , , , ,
Simpson,E7-2 Simpson, ,8(@Data GPON),56(@HSI-R-Pro-GPON),1305,1088, ,4-1-7-105-GE-1-1,derived,none,none,none, , , , , , , ,
Cave In Rock,Cave In Rock, ,2(@Data GPON),56(@HSI-R-Pro-GPON),805,1182, ,1-1-2-116-GE-1-1,derived,none,none,none, , , , , , , ,
Simpson,E7-2 Simpson, ,8(@Data GPON),43(@HSI-B-Pro-GPON),1305,1089, ,4-1-8-106-GE-1-1,derived,none,none,none, , , , , , , ,
Simpson,E7-2 Simpson, ,8(@Data GPON),54(@HSI-LITE-GPON),1305,1094, ,4-1-8-116-GE-1-1,derived,none,none,none, , , , , , , ,
Cave In Rock,Cave In Rock, ,2(@Data GPON),54(@HSI-LITE-GPON),805,2409, ,2-1-4-128-GE-1-1,fixed,none,none,none, , , , , , , ,
Cave In Rock,Cave In Rock, ,2(@Data GPON),56(@HSI-R-Pro-GPON),805,1426, ,1-1-4-131-GE-1-1,fixed,none,none,none, , , , , , , ,
Simpson,E7-2 Simpson, ,8(@Data GPON),54(@HSI-LITE-GPON),1305,1098, ,4-2-1-120-GE-1-1,derived,none,none,none, , , , , , , ,
Cave In Rock,Cave In Rock, ,2(@Data GPON),56(@HSI-R-Pro-GPON),805,1179, ,2-2-1-132-GE-1-1,derived,none,none,none, , , , , , , ,
Simpson,E7-2 Simpson, ,8(@Data GPON),43(@HSI-B-Pro-GPON),1305,1099, ,4-2-1-121-GE-1-1,derived,none,none,none, , , , , , , ,
Simpson,E7-2 Simpson, ,8(@Data GPON),54(@HSI-LITE-GPON),1305,1104, ,4-2-1-126-GE-1-1,derived,none,none,none, , , , , , , ,
Simpson,E7-2 Simpson, ,8(@Data GPON),54(@HSI-LITE-GPON),1305,1105, ,4-2-1-127-GE-1-1,derived,none,none,none, , , , , , , ,
Cave In Rock,Cave In Rock, ,2(@Data GPON),58(@HSI-R-Turbo-GPON),805,1321, ,1-1-3-141-GE-1-1,fixed,none,none,none, , , , , , , ,
Simpson,E7-2 Simpson, ,8(@Data GPON),54(@HSI-LITE-GPON),1305,1106, ,4-2-1-128-GE-1-1,derived,none,none,none, , , , , , , ,
Cave In Rock,Cave In Rock, ,2(@Data GPON),56(@HSI-R-Pro-GPON),805,3105, ,3-1-1-142-GE-1-1,fixed,none,none,none, , , , , , , ,
Simpson,E7-2 Simpson, ,8(@Data GPON),56(@HSI-R-Pro-GPON),1305,1108, ,4-2-1-130-GE-1-1,derived,none,none,none, , , , , , , ,
Simpson,E7-2 Simpson, ,8(@Data GPON),56(@HSI-R-Pro-GPON),1305,1109, ,4-2-1-131-GE-1-1,derived,none,none,none, , , , , , , ,
Cave In Rock,Cave In Rock, ,2(@Data GPON),54(@HSI-LITE-GPON),805,1231, ,1-1-2-145-GE-1-1,fixed,none,none,none, , , , , , , ,
Simpson,E7-2 Simpson, ,8(@Data GPON),56(@HSI-R-Pro-GPON),1305,1245, ,4-2-1-132-GE-1-1,derived,none,none,none, , , , , , , ,
Cave In Rock,Cave In Rock, ,2(@Data GPON),56(@HSI-R-Pro-GPON),805,1805, ,1-2-4-146-GE-1-1,fixed,none,none,none, , , , , , , ,
Simpson,E7-2 Simpson, ,8(@Data GPON),58(@HSI-R-Turbo-GPON),1305,1144, ,4-2-5-179-GE-1-1,derived,none,none,none, , , , , , , ,
Cave In Rock,Cave In Rock, ,2(@Data GPON),54(@HSI-LITE-GPON),805,3111, ,3-1-1-189-GE-1-1,fixed,none,none,none, , , , , , , ,
Simpson,E7-2 Simpson, ,8(@Data GPON),56(@HSI-R-Pro-GPON),1305,1255, ,4-2-7-214-GE-1-1,derived,none,none,none, , , , , , , ,
Cave In Rock,Cave In Rock, ,2(@Data GPON),56(@HSI-R-Pro-GPON),805,2310, ,2-1-3-230-GE-1-1,fixed,none,none,none, , , , , , , ,
Simpson,E7-2 Simpson, ,8(@Data GPON),54(@HSI-LITE-GPON),1305,1170, ,4-2-7-215-GE-1-1,derived,none,none,none, , , , , , , ,
Cave In Rock,Cave In Rock, ,2(@Data GPON),54(@HSI-LITE-GPON),805,1228, ,1-1-3-231-GE-1-1,derived,none,none,none, , , , , , , ,
Simpson,E7-2 Simpson, ,8(@Data GPON),54(@HSI-LITE-GPON),1305,1171, ,4-2-7-216-GE-1-1,derived,none,none,none, , , , , , , ,
Cave In Rock,Cave In Rock, ,2(@Data GPON),54(@HSI-LITE-GPON),805,1103, ,1-2-1-234-GE-1-1,derived,none,none,none, , , , , , , ,
Simpson,E7-2 Simpson, ,8(@Data GPON),56(@HSI-R-Pro-GPON),1305,1172, ,4-2-7-217-GE-1-1,derived,none,none,none, , , , , , , ,
Cave In Rock,Cave In Rock, ,2(@Data GPON),54(@HSI-LITE-GPON),805,1212, ,1-1-2-235-GE-1-1,fixed,none,none,none, , , , , , , ,
Simpson,E7-2 Simpson, ,8(@Data GPON),56(@HSI-R-Pro-GPON),1305,1084, ,4-1-8-101-GE-1-1,derived,none,none,none, , , , , , , ,
Cave In Rock,Cave In Rock, ,2(@Data GPON),54(@HSI-LITE-GPON),805,2225, ,2-1-2-108-GE-1-1,fixed,none,none,none, , , , , , , ,
Simpson,E7-2 Simpson, ,8(@Data GPON),56(@HSI-R-Pro-GPON),1305,1043, ,4-1-7-102-GE-1-1,derived,none,none,none, , , , , , , ,
Cave In Rock,Cave In Rock, ,2(@Data GPON),56(@HSI-R-Pro-GPON),805,1144, ,1-1-2-110-GE-1-1,derived,none,none,none, , , , , , , ,
Simpson,E7-2 Simpson, ,8(@Data GPON),56(@HSI-R-Pro-GPON),1305,1087, ,4-1-8-104-GE-1-1,derived,none,none,none, , , , , , , ,
Simpson,E7-2 Simpson, ,8(@Data GPON),54(@HSI-LITE-GPON),1305,1090, ,4-1-8-107-GE-1-1,derived,none,none,none, , , , , , , ,
Cave In Rock,Cave In Rock, ,2(@Data GPON),54(@HSI-LITE-GPON),805,1812, ,1-2-4-119-GE-1-1,fixed,none,none,none, , , , , , , ,
Simpson,E7-2 Simpson, ,8(@Data GPON),58(@HSI-R-Turbo-GPON),1305,1091, ,4-1-6-108-GE-1-1,derived,none,none,none, , , , , , , ,
Cave In Rock,Cave In Rock, ,2(@Data GPON),56(@HSI-R-Pro-GPON),805,3306, ,3-1-3-121-GE-1-1,fixed,none,none,none, , , , , , , ,
Simpson,E7-2 Simpson, ,8(@Data GPON),56(@HSI-R-Pro-GPON),1305,1254, ,4-1-1-109-GE-1-1,derived,none,none,none, , , , , , , ,
Cave In Rock,Cave In Rock, ,2(@Data GPON),54(@HSI-LITE-GPON),805,1712, ,1-2-3-122-GE-1-1,fixed,none,none,none, , , , , , , ,
Simpson,E7-2 Simpson, ,8(@Data GPON),54(@HSI-LITE-GPON),1305,1264, ,4-1-7-110-GE-1-1,derived,none,none,none, , , , , , , ,
Cave In Rock,Cave In Rock, ,2(@Data GPON),56(@HSI-R-Pro-GPON),805,2302, ,2-1-3-124-GE-1-1,fixed,none,none,none, , , , , , , ,
Cave In Rock,Cave In Rock, ,2(@Data GPON),54(@HSI-LITE-GPON),805,1118, ,3-1-1-125-GE-1-1,derived,none,none,none, , , , , , , ,
Simpson,E7-2 Simpson, ,8(@Data GPON),56(@HSI-R-Pro-GPON),1305,1093, ,4-1-8-115-GE-1-1,derived,none,none,none, , , , , , , ,
Simpson,E7-2 Simpson, ,8(@Data GPON),56(@HSI-R-Pro-GPON),1305,1054, ,4-1-8-117-GE-1-1,derived,none,none,none, , , , , , , ,
Cave In Rock,Cave In Rock, ,2(@Data GPON),56(@HSI-R-Pro-GPON),805,1204, ,1-1-2-130-GE-1-1,fixed,none,none,none, , , , , , , ,
Simpson,E7-2 Simpson, ,8(@Data GPON),56(@HSI-R-Pro-GPON),1305,1096, ,4-2-1-118-GE-1-1,derived,none,none,none, , , , , , , ,
Cave In Rock,Cave In Rock, ,2(@Data GPON),56(@HSI-R-Pro-GPON),805,1221, ,1-1-4-135-GE-1-1,derived,none,none,none, , , , , , , ,
Simpson,E7-2 Simpson, ,8(@Data GPON),54(@HSI-LITE-GPON),1305,1100, ,4-1-8-122-GE-1-1,derived,none,none,none, , , , , , , ,
Cave In Rock,Cave In Rock, ,2(@Data GPON),56(@HSI-R-Pro-GPON),805,1178, ,1-1-2-136-GE-1-1,derived,none,none,none, , , , , , , ,
Simpson,E7-2 Simpson, ,8(@Data GPON),56(@HSI-R-Pro-GPON),1305,1101, ,4-2-1-123-GE-1-1,derived,none,none,none, , , , , , , ,
Cave In Rock,Cave In Rock, ,2(@Data GPON),56(@HSI-R-Pro-GPON),805,1198, ,1-2-4-137-GE-1-1,derived,none,none,none, , , , , , , ,
Simpson,E7-2 Simpson, ,8(@Data GPON),54(@HSI-LITE-GPON),1305,1102, ,4-2-1-124-GE-1-1,derived,none,none,none, , , , , , , ,
Simpson,E7-2 Simpson, ,8(@Data GPON),56(@HSI-R-Pro-GPON),1305,1103, ,4-1-8-125-GE-1-1,derived,none,none,none, , , , , , , ,
Cave In Rock,Cave In Rock, ,2(@Data GPON),58(@HSI-R-Turbo-GPON),805,1164, ,1-1-2-139-GE-1-1,derived,none,none,none, , , , , , , ,
Simpson,E7-2 Simpson, ,8(@Data GPON),56(@HSI-R-Pro-GPON),1305,1107, ,4-2-1-129-GE-1-1,derived,none,none,none, , , , , , , ,
Cave In Rock,Cave In Rock, ,2(@Data GPON),56(@HSI-R-Pro-GPON),805,1213, ,1-1-2-143-GE-1-1,fixed,none,none,none, , , , , , , ,
Cave In Rock,Cave In Rock, ,2(@Data GPON),56(@HSI-R-Pro-GPON),805,1172, ,3-2-1-147-GE-1-1,derived,none,none,none, , , , , , , ,
Simpson,E7-2 Simpson, ,8(@Data GPON),56(@HSI-R-Pro-GPON),1305,1110, ,4-1-8-136-GE-1-1,derived,none,none,none, , , , , , , ,
Cave In Rock,Cave In Rock, ,2(@Data GPON),56(@HSI-R-Pro-GPON),805,1206, ,3-1-3-148-GE-1-1,derived,none,none,none, , , , , , , ,
Simpson,E7-2 Simpson, ,8(@Data GPON),56(@HSI-R-Pro-GPON),1305,1111, ,4-2-2-137-GE-1-1,derived,none,none,none, , , , , , , ,
Cave In Rock,Cave In Rock, ,2(@Data GPON),54(@HSI-LITE-GPON),805,1406, ,1-1-4-149-GE-1-1,derived,none,none,none, , , , , , , ,
Cave In Rock,Cave In Rock, ,2(@Data GPON),54(@HSI-LITE-GPON),805,3205, ,3-1-2-150-GE-1-1,fixed,none,none,none, , , , , , , ,
Simpson,E7-2 Simpson, ,8(@Data GPON),56(@HSI-R-Pro-GPON),1305,1112, ,4-2-2-139-GE-1-1,derived,none,none,none, , , , , , , ,
Cave In Rock,Cave In Rock, ,2(@Data GPON),58(@HSI-R-Turbo-GPON),805,1209, ,2-2-1-151-GE-1-1,derived,none,none,none, , , , , , , ,
Cave In Rock,Cave In Rock, ,2(@Data GPON),56(@HSI-R-Pro-GPON),805,1188, ,2-1-2-152-GE-1-1,derived,none,none,none, , , , , , , ,
Simpson,E7-2 Simpson, ,8(@Data GPON),54(@HSI-LITE-GPON),1305,1113, ,4-2-2-143-GE-1-1,derived,none,none,none, , , , , , , ,
Cave In Rock,Cave In Rock, ,2(@Data GPON),54(@HSI-LITE-GPON),805,3106, ,3-1-1-153-GE-1-1,fixed,none,none,none, , , , , , , ,
Simpson,E7-2 Simpson, ,8(@Data GPON),54(@HSI-LITE-GPON),1305,1114, ,4-2-2-144-GE-1-1,derived,none,none,none, , , , , , , ,
Cave In Rock,Cave In Rock, ,2(@Data GPON),54(@HSI-LITE-GPON),805,3107, ,3-1-1-154-GE-1-1,fixed,none,none,none, , , , , , , ,
Simpson,E7-2 Simpson, ,8(@Data GPON),56(@HSI-R-Pro-GPON),1305,1079, ,4-2-2-145-GE-1-1,derived,none,none,none, , , , , , , ,
Cave In Rock,Cave In Rock, ,2(@Data GPON),56(@HSI-R-Pro-GPON),805,1188, ,1-1-2-155-GE-1-1,derived,none,none,none, , , , , , , ,
Simpson,E7-2 Simpson, ,8(@Data GPON),54(@HSI-LITE-GPON),1305,1116, ,4-2-2-146-GE-1-1,derived,none,none,none, , , , , , , ,
Cave In Rock,Cave In Rock, ,2(@Data GPON),58(@HSI-R-Turbo-GPON),805,1112, ,1-1-4-156-GE-1-1,derived,none,none,none, , , , , , , ,
Simpson,E7-2 Simpson, ,8(@Data GPON),54(@HSI-LITE-GPON),1305,1117, ,4-2-2-147-GE-1-1,derived,none,none,none, , , , , , , ,
Cave In Rock,Cave In Rock, ,2(@Data GPON),56(@HSI-R-Pro-GPON),805,1582, ,2-2-1-157-GE-1-1,derived,none,none,none, , , , , , , ,
Simpson,E7-2 Simpson, ,8(@Data GPON),54(@HSI-LITE-GPON),1305,1118, ,4-2-2-149-GE-1-1,derived,none,none,none, , , , , , , ,
Cave In Rock,Cave In Rock, ,2(@Data GPON),58(@HSI-R-Turbo-GPON),805,3206, ,3-1-2-160-GE-1-1,fixed,none,none,none, , , , , , , ,
Simpson,E7-2 Simpson, ,8(@Data GPON),56(@HSI-R-Pro-GPON),1305,1119, ,4-2-2-151-GE-1-1,derived,none,none,none, , , , , , , ,
Simpson,E7-2 Simpson, ,8(@Data GPON),56(@HSI-R-Pro-GPON),1305,1256, ,4-2-2-152-GE-1-1,derived,none,none,none, , , , , , , ,
Cave In Rock,Cave In Rock, ,2(@Data GPON),56(@HSI-R-Pro-GPON),805,1155, ,2-1-3-161-GE-1-1,derived,none,none,none, , , , , , , ,
Simpson,E7-2 Simpson, ,8(@Data GPON),56(@HSI-R-Pro-GPON),1305,1121, ,4-2-2-153-GE-1-1,derived,none,none,none, , , , , , , ,
Cave In Rock,Cave In Rock, ,2(@Data GPON),56(@HSI-R-Pro-GPON),805,1120, ,3-1-1-163-GE-1-1,derived,none,none,none, , , , , , , ,
Simpson,E7-2 Simpson, ,8(@Data GPON),56(@HSI-R-Pro-GPON),1305,1122, ,4-2-2-154-GE-1-1,derived,none,none,none, , , , , , , ,
Cave In Rock,Cave In Rock, ,2(@Data GPON),54(@HSI-LITE-GPON),805,2805, ,2-2-4-164-GE-1-1,fixed,none,none,none, , , , , , , ,
Simpson,E7-2 Simpson, ,8(@Data GPON),56(@HSI-R-Pro-GPON),1305,1123, ,4-2-2-155-GE-1-1,derived,none,none,none, , , , , , , ,
Cave In Rock,Cave In Rock, ,2(@Data GPON),58(@HSI-R-Turbo-GPON),805,3326, ,3-1-3-166-GE-1-1,derived,none,none,none, , , , , , , ,
Simpson,E7-2 Simpson, ,8(@Data GPON),56(@HSI-R-Pro-GPON),1305,1124, ,4-2-2-156-GE-1-1,derived,none,none,none, , , , , , , ,
Cave In Rock,Cave In Rock, ,2(@Data GPON),54(@HSI-LITE-GPON),805,1808, ,1-2-4-167-GE-1-1,fixed,none,none,none, , , , , , , ,
Simpson,E7-2 Simpson, ,8(@Data GPON),56(@HSI-R-Pro-GPON),1305,1035, ,4-2-2-157-GE-1-1,derived,none,none,none, , , , , , , ,
Cave In Rock,Cave In Rock, ,2(@Data GPON),56(@HSI-R-Pro-GPON),805,2306, ,2-1-3-168-GE-1-1,fixed,none,none,none, , , , , , , ,
Simpson,E7-2 Simpson, ,8(@Data GPON),56(@HSI-R-Pro-GPON),1305,1127, ,4-2-3-159-GE-1-1,derived,none,none,none, , , , , , , ,
Cave In Rock,Cave In Rock, ,2(@Data GPON),56(@HSI-R-Pro-GPON),805,1704, ,1-2-3-169-GE-1-1,fixed,none,none,none, , , , , , , ,
Simpson,E7-2 Simpson, ,8(@Data GPON),56(@HSI-R-Pro-GPON),1305,1128, ,4-2-3-160-GE-1-1,derived,none,none,none, , , , , , , ,
Cave In Rock,Cave In Rock, ,2(@Data GPON),54(@HSI-LITE-GPON),805,1173, ,1-2-3-170-GE-1-1,derived,none,none,none, , , , , , , ,
Simpson,E7-2 Simpson, ,8(@Data GPON),56(@HSI-R-Pro-GPON),1305,1129, ,4-2-3-161-GE-1-1,derived,none,none,none, , , , , , , ,
Cave In Rock,Cave In Rock, ,2(@Data GPON),54(@HSI-LITE-GPON),805,1123, ,1-2-1-171-GE-1-1,fixed,none,none,none, , , , , , , ,
Simpson,E7-2 Simpson, ,8(@Data GPON),56(@HSI-R-Pro-GPON),1305,1491, ,4-2-3-162-GE-1-1,derived,none,none,none, , , , , , , ,
Cave In Rock,Cave In Rock, ,2(@Data GPON),58(@HSI-R-Turbo-GPON),805,1317, ,1-1-3-172-GE-1-1,fixed,none,none,none, , , , , , , ,
Simpson,E7-2 Simpson, ,8(@Data GPON),54(@HSI-LITE-GPON),1305,1131, ,4-2-3-164-GE-1-1,derived,none,none,none, , , , , , , ,
Cave In Rock,Cave In Rock, ,2(@Data GPON),43(@HSI-B-Pro-GPON),805,2806, ,2-2-4-173-GE-1-1,fixed,none,none,none, , , , , , , ,
Simpson,E7-2 Simpson, ,8(@Data GPON),56(@HSI-R-Pro-GPON),1305,1132, ,4-2-2-166-GE-1-1,derived,none,none,none, , , , , , , ,
Cave In Rock,Cave In Rock, ,2(@Data GPON),56(@HSI-R-Pro-GPON),805,1727, ,1-2-3-174-GE-1-1,fixed,none,none,none, , , , , , , ,
Simpson,E7-2 Simpson, ,8(@Data GPON),56(@HSI-R-Pro-GPON),1305,1133, ,4-2-5-167-GE-1-1,derived,none,none,none, , , , , , , ,
Cave In Rock,Cave In Rock, ,2(@Data GPON),56(@HSI-R-Pro-GPON),805,1502, ,1-2-1-175-GE-1-1,fixed,none,none,none, , , , , , , ,
Simpson,E7-2 Simpson, ,8(@Data GPON),56(@HSI-R-Pro-GPON),1305,1134, ,4-2-5-168-GE-1-1,derived,none,none,none, , , , , , , ,
Cave In Rock,Cave In Rock, ,2(@Data GPON),56(@HSI-R-Pro-GPON),805,1832, ,1-2-4-176-GE-1-1,fixed,none,none,none, , , , , , , ,
Simpson,E7-2 Simpson, ,8(@Data GPON),56(@HSI-R-Pro-GPON),1305,1135, ,4-2-5-169-GE-1-1,derived,none,none,none, , , , , , , ,
Cave In Rock,Cave In Rock, ,2(@Data GPON),54(@HSI-LITE-GPON),805,1723, ,1-2-3-177-GE-1-1,fixed,none,none,none, , , , , , , ,
Simpson,E7-2 Simpson, ,8(@Data GPON),54(@HSI-LITE-GPON),1305,1136, ,4-2-5-170-GE-1-1,derived,none,none,none, , , , , , , ,
Cave In Rock,Cave In Rock, ,2(@Data GPON),56(@HSI-R-Pro-GPON),805,1316, ,1-1-3-178-GE-1-1,fixed,none,none,none, , , , , , , ,
Simpson,E7-2 Simpson, ,8(@Data GPON),56(@HSI-R-Pro-GPON),1305,1137, ,4-2-5-171-GE-1-1,derived,none,none,none, , , , , , , ,
Cave In Rock,Cave In Rock, ,2(@Data GPON),54(@HSI-LITE-GPON),805,1431, ,1-1-4-180-GE-1-1,fixed,none,none,none, , , , , , , ,
Simpson,E7-2 Simpson, ,8(@Data GPON),56(@HSI-R-Pro-GPON),1305,1138, ,4-2-5-172-GE-1-1,derived,none,none,none, , , , , , , ,
Cave In Rock,Cave In Rock, ,2(@Data GPON),56(@HSI-R-Pro-GPON),805,1222, ,1-1-2-181-GE-1-1,fixed,none,none,none, , , , , , , ,
Simpson,E7-2 Simpson, ,8(@Data GPON),56(@HSI-R-Pro-GPON),1305,1139, ,4-2-5-173-GE-1-1,derived,none,none,none, , , , , , , ,
Cave In Rock,Cave In Rock, ,2(@Data GPON),56(@HSI-R-Pro-GPON),805,1186, ,1-1-2-182-GE-1-1,derived,none,none,none, , , , , , , ,
Simpson,E7-2 Simpson, ,8(@Data GPON),38(@HSI-R-Extreme-GPON),1305,1140, ,4-2-5-174-GE-1-1,derived,none,none,none, , , , , , , ,
Cave In Rock,Cave In Rock, ,2(@Data GPON),56(@HSI-R-Pro-GPON),805,2513, ,2-2-1-183-GE-1-1,fixed,none,none,none, , , , , , , ,
Simpson,E7-2 Simpson, ,8(@Data GPON),43(@HSI-B-Pro-GPON),1305,1141, ,4-2-5-175-GE-1-1,derived,none,none,none, , , , , , , ,
Simpson,E7-2 Simpson, ,8(@Data GPON),56(@HSI-R-Pro-GPON),1305,1142, ,4-2-5-176-GE-1-1,derived,none,none,none, , , , , , , ,
Cave In Rock,Cave In Rock, ,2(@Data GPON),58(@HSI-R-Turbo-GPON),805,2303, ,2-1-3-188-GE-1-1,fixed,none,none,none, , , , , , , ,
Simpson,E7-2 Simpson, ,8(@Data GPON),56(@HSI-R-Pro-GPON),1305,1145, ,4-2-5-180-GE-1-1,derived,none,none,none, , , , , , , ,
Cave In Rock,Cave In Rock, ,2(@Data GPON),54(@HSI-LITE-GPON),805,3309, ,3-1-3-191-GE-1-1,fixed,none,none,none, , , , , , , ,
Simpson,E7-2 Simpson, ,8(@Data GPON),56(@HSI-R-Pro-GPON),1305,1146, ,4-2-5-181-GE-1-1,derived,none,none,none, , , , , , , ,
Cave In Rock,Cave In Rock, ,2(@Data GPON),54(@HSI-LITE-GPON),805,1104, ,1-1-2-192-GE-1-1,fixed,none,none,none, , , , , , , ,
Simpson,E7-2 Simpson, ,8(@Data GPON),56(@HSI-R-Pro-GPON),1305,1248, ,4-2-5-183-GE-1-1,derived,none,none,none, , , , , , , ,
Cave In Rock,Cave In Rock, ,2(@Data GPON),56(@HSI-R-Pro-GPON),805,1331, ,1-1-3-194-GE-1-1,fixed,none,none,none, , , , , , , ,
Simpson,E7-2 Simpson, ,8(@Data GPON),56(@HSI-R-Pro-GPON),1305,1095, ,4-2-5-185-GE-1-1,derived,none,none,none, , , , , , , ,
Cave In Rock,Cave In Rock, ,2(@Data GPON),56(@HSI-R-Pro-GPON),805,2807, ,2-2-4-196-GE-1-1,fixed,none,none,none, , , , , , , ,
Simpson,E7-2 Simpson, ,8(@Data GPON),56(@HSI-R-Pro-GPON),1305,1143, ,4-2-5-186-GE-1-1,derived,none,none,none, , , , , , , ,
Simpson,E7-2 Simpson, ,8(@Data GPON),56(@HSI-R-Pro-GPON),1305,1147, ,4-2-5-187-GE-1-1,derived,none,none,none, , , , , , , ,
Cave In Rock,Cave In Rock, ,2(@Data GPON),56(@HSI-R-Pro-GPON),805,1150, ,2-1-4-198-GE-1-1,derived,none,none,none, , , , , , , ,
Simpson,E7-2 Simpson, ,8(@Data GPON),54(@HSI-LITE-GPON),1305,1148, ,4-2-6-188-GE-1-1,derived,none,none,none, , , , , , , ,
Cave In Rock,Cave In Rock, ,2(@Data GPON),56(@HSI-R-Pro-GPON),805,1402, ,1-1-4-199-GE-1-1,fixed,none,none,none, , , , , , , ,
Simpson,E7-2 Simpson, ,8(@Data GPON),56(@HSI-R-Pro-GPON),1305,1149, ,4-2-6-189-GE-1-1,derived,none,none,none, , , , , , , ,
Cave In Rock,Cave In Rock, ,2(@Data GPON),58(@HSI-R-Turbo-GPON),805,1121, ,2-2-4-200-GE-1-1,derived,none,none,none, , , , , , , ,
Simpson,E7-2 Simpson, ,8(@Data GPON),43(@HSI-B-Pro-GPON),1305,1115, ,4-2-6-190-GE-1-1,derived,none,none,none, , , , , , , ,
Cave In Rock,Cave In Rock, ,2(@Data GPON),54(@HSI-LITE-GPON),805,2810, ,2-2-4-202-GE-1-1,fixed,none,none,none, , , , , , , ,
Simpson,E7-2 Simpson, ,8(@Data GPON),45(@HSI-B-Turbo-GPON),1305,1151, ,4-2-6-191-GE-1-1,derived,none,none,none, , , , , , , ,
Cave In Rock,Cave In Rock, ,2(@Data GPON),54(@HSI-LITE-GPON),805,1216, ,1-1-2-203-GE-1-1,fixed,none,none,none, , , , , , , ,
Simpson,E7-2 Simpson, ,8(@Data GPON),54(@HSI-LITE-GPON),1305,1153, ,4-2-6-193-GE-1-1,derived,none,none,none, , , , , , , ,
Cave In Rock,Cave In Rock, ,2(@Data GPON),58(@HSI-R-Turbo-GPON),805,1168, ,3-1-2-204-GE-1-1,derived,none,none,none, , , , , , , ,
Simpson,E7-2 Simpson, ,8(@Data GPON),56(@HSI-R-Pro-GPON),1305,1154, ,4-2-6-194-GE-1-1,derived,none,none,none, , , , , , , ,
Simpson,E7-2 Simpson, ,8(@Data GPON),54(@HSI-LITE-GPON),1305,1155, ,4-2-6-195-GE-1-1,derived,none,none,none, , , , , , , ,
Cave In Rock,Cave In Rock, ,2(@Data GPON),58(@HSI-R-Turbo-GPON),805,3113, ,3-1-2-208-GE-1-1,fixed,none,none,none, , , , , , , ,
Simpson,E7-2 Simpson, ,8(@Data GPON),56(@HSI-R-Pro-GPON),1305,1156, ,4-2-6-196-GE-1-1,derived,none,none,none, , , , , , , ,
Cave In Rock,Cave In Rock, ,2(@Data GPON),56(@HSI-R-Pro-GPON),805,1136, ,2-2-1-209-GE-1-1,derived,none,none,none, , , , , , , ,
Simpson,E7-2 Simpson, ,8(@Data GPON),56(@HSI-R-Pro-GPON),1305,1157, ,4-2-6-197-GE-1-1,derived,none,none,none, , , , , , , ,
Cave In Rock,Cave In Rock, ,2(@Data GPON),56(@HSI-R-Pro-GPON),805,1152, ,1-1-3-211-GE-1-1,derived,none,none,none, , , , , , , ,
Simpson,E7-2 Simpson, ,8(@Data GPON),56(@HSI-R-Pro-GPON),1305,1268, ,4-2-6-198-GE-1-1,derived,none,none,none, , , , , , , ,
Cave In Rock,Cave In Rock, ,2(@Data GPON),56(@HSI-R-Pro-GPON),805,1196, ,1-2-1-212-GE-1-1,derived,none,none,none, , , , , , , ,
Simpson,E7-2 Simpson, ,8(@Data GPON),56(@HSI-R-Pro-GPON),1305,1159, ,4-2-6-199-GE-1-1,derived,none,none,none, , , , , , , ,
Cave In Rock,Cave In Rock, ,2(@Data GPON),56(@HSI-R-Pro-GPON),805,1181, ,2-1-4-213-GE-1-1,derived,none,none,none, , , , , , , ,
Simpson,E7-2 Simpson, ,8(@Data GPON),58(@HSI-R-Turbo-GPON),1305,1160, ,4-2-6-200-GE-1-1,derived,none,none,none, , , , , , , ,
Cave In Rock,Cave In Rock, ,2(@Data GPON),54(@HSI-LITE-GPON),805,1105, ,2-2-1-214-GE-1-1,derived,none,none,none, , , , , , , ,
Simpson,E7-2 Simpson, ,8(@Data GPON),56(@HSI-R-Pro-GPON),1305,1161, ,4-2-6-201-GE-1-1,derived,none,none,none, , , , , , , ,
Cave In Rock,Cave In Rock, ,2(@Data GPON),58(@HSI-R-Turbo-GPON),805,1162, ,3-2-1-215-GE-1-1,derived,none,none,none, , , , , , , ,
Simpson,E7-2 Simpson, ,8(@Data GPON),56(@HSI-R-Pro-GPON),1305,1162, ,4-2-6-202-GE-1-1,derived,none,none,none, , , , , , , ,
Cave In Rock,Cave In Rock, ,2(@Data GPON),56(@HSI-R-Pro-GPON),805,1126, ,1-1-3-217-GE-1-1,derived,none,none,none, , , , , , , ,
Simpson,E7-2 Simpson, ,8(@Data GPON),54(@HSI-LITE-GPON),1305,1163, ,4-2-3-207-GE-1-1,derived,none,none,none, , , , , , , ,
Cave In Rock,Cave In Rock, ,2(@Data GPON),56(@HSI-R-Pro-GPON),805,2812, ,2-2-4-218-GE-1-1,fixed,none,none,none, , , , , , , ,
Cave In Rock,Cave In Rock, ,2(@Data GPON),54(@HSI-LITE-GPON),805,1106, ,1-1-1-219-GE-1-1,fixed,none,none,none, , , , , , , ,
Simpson,E7-2 Simpson, ,8(@Data GPON),56(@HSI-R-Pro-GPON),1305,1097, ,4-2-7-209-GE-1-1,derived,none,none,none, , , , , , , ,
Simpson,E7-2 Simpson, ,8(@Data GPON),56(@HSI-R-Pro-GPON),1305,1165, ,4-2-7-210-GE-1-1,derived,none,none,none, , , , , , , ,
Cave In Rock,Cave In Rock, ,2(@Data GPON),54(@HSI-LITE-GPON),805,1149, ,1-2-3-223-GE-1-1,derived,none,none,none, , , , , , , ,
Simpson,E7-2 Simpson, ,8(@Data GPON),58(@HSI-R-Turbo-GPON),1305,1166, ,4-2-7-211-GE-1-1,derived,none,none,none, , , , , , , ,
Cave In Rock,Cave In Rock, ,2(@Data GPON),54(@HSI-LITE-GPON),805,1160, ,2-2-1-228-GE-1-1,derived,none,none,none, , , , , , , ,
Simpson,E7-2 Simpson, ,8(@Data GPON),56(@HSI-R-Pro-GPON),1305,1167, ,4-2-7-212-GE-1-1,derived,none,none,none, , , , , , , ,
Simpson,E7-2 Simpson, ,8(@Data GPON),56(@HSI-R-Pro-GPON),1305,1168, ,4-2-7-213-GE-1-1,derived,none,none,none, , , , , , , ,
Cave In Rock,Cave In Rock, ,2(@Data GPON),56(@HSI-R-Pro-GPON),805,1102, ,1-2-1-229-GE-1-1,derived,none,none,none, , , , , , , ,
Cave In Rock,Cave In Rock, ,2(@Data GPON),56(@HSI-R-Pro-GPON),805,1314, ,1-1-3-254-GE-1-1,fixed,none,none,none, , , , , , , ,
Simpson,E7-2 Simpson, ,8(@Data GPON),58(@HSI-R-Turbo-GPON),1305,1184, ,4-2-8-233-GE-1-1,derived,none,none,none, , , , , , , ,
Cave In Rock,Cave In Rock, ,2(@Data GPON),54(@HSI-LITE-GPON),805,1169, ,3-1-4-257-GE-1-1,fixed,none,none,none, , , , , , , ,
Simpson,E7-2 Simpson, ,8(@Data GPON),54(@HSI-LITE-GPON),1305,1185, ,4-2-8-234-GE-1-1,derived,none,none,none, , , , , , , ,
Cave In Rock,Cave In Rock, ,2(@Data GPON),56(@HSI-R-Pro-GPON),805,1163, ,1-1-1-260-GE-1-1,derived,none,none,none, , , , , , , ,
Simpson,E7-2 Simpson, ,8(@Data GPON),56(@HSI-R-Pro-GPON),1305,1186, ,4-2-8-235-GE-1-1,derived,none,none,none, , , , , , , ,
Cave In Rock,Cave In Rock, ,2(@Data GPON),56(@HSI-R-Pro-GPON),805,2813, ,2-2-4-261-GE-1-1,fixed,none,none,none, , , , , , , ,
Simpson,E7-2 Simpson, ,8(@Data GPON),54(@HSI-LITE-GPON),1305,1187, ,4-2-8-236-GE-1-1,derived,none,none,none, , , , , , , ,
Cave In Rock,Cave In Rock, ,2(@Data GPON),54(@HSI-LITE-GPON),805,3312, ,3-1-3-262-GE-1-1,fixed,none,none,none, , , , , , , ,
Simpson,E7-2 Simpson, ,8(@Data GPON),56(@HSI-R-Pro-GPON),1305,1188, ,4-2-6-237-GE-1-1,derived,none,none,none, , , , , , , ,
Cave In Rock,Cave In Rock, ,2(@Data GPON),20(@GPON Data 20dwn/2up),805,101, ,263-GE-1-1,fixed,none,none,none, , , , , , , ,
Simpson,E7-2 Simpson, ,8(@Data GPON),56(@HSI-R-Pro-GPON),1305,1189, ,4-2-8-238-GE-1-1,derived,none,none,none, , , , , , , ,
Cave In Rock,Cave In Rock, ,2(@Data GPON),56(@HSI-R-Pro-GPON),805,1503, ,2-2-1-264-GE-1-1,fixed,none,none,none, , , , , , , ,
Simpson,E7-2 Simpson, ,8(@Data GPON),58(@HSI-R-Turbo-GPON),1305,1190, ,4-2-8-240-GE-1-1,derived,none,none,none, , , , , , , ,
Cave In Rock,Cave In Rock, ,2(@Data GPON),56(@HSI-R-Pro-GPON),805,1142, ,1-1-2-266-GE-1-1,derived,none,none,none, , , , , , , ,
Simpson,E7-2 Simpson, ,8(@Data GPON),56(@HSI-R-Pro-GPON),1305,1191, ,4-2-8-241-GE-1-1,derived,none,none,none, , , , , , , ,
Cave In Rock,Cave In Rock, ,2(@Data GPON),56(@HSI-R-Pro-GPON),805,3410, ,3-1-4-268-GE-1-1,fixed,none,none,none, , , , , , , ,
Simpson,E7-2 Simpson, ,8(@Data GPON),56(@HSI-R-Pro-GPON),1305,1192, ,4-2-8-242-GE-1-1,derived,none,none,none, , , , , , , ,
Cave In Rock,Cave In Rock, ,2(@Data GPON),56(@HSI-R-Pro-GPON),805,3313, ,3-1-3-269-GE-1-1,fixed,none,none,none, , , , , , , ,
Simpson,E7-2 Simpson, ,8(@Data GPON),58(@HSI-R-Turbo-GPON),1305,1194, ,4-2-7-244-GE-1-1,derived,none,none,none, , , , , , , ,
Cave In Rock,Cave In Rock, ,2(@Data GPON),43(@HSI-B-Pro-GPON),805,1211, ,1-1-2-270-GE-1-1,fixed,none,none,none, , , , , , , ,
Simpson,E7-2 Simpson, ,8(@Data GPON),54(@HSI-LITE-GPON),1305,1195, ,4-2-8-245-GE-1-1,derived,none,none,none, , , , , , , ,
Cave In Rock,Cave In Rock, ,2(@Data GPON),56(@HSI-R-Pro-GPON),805,2210, ,2-1-2-271-GE-1-1,fixed,none,none,none, , , , , , , ,
Simpson,E7-2 Simpson, ,8(@Data GPON),56(@HSI-R-Pro-GPON),1305,1196, ,4-2-8-246-GE-1-1,derived,none,none,none, , , , , , , ,
Cave In Rock,Cave In Rock, ,2(@Data GPON),56(@HSI-R-Pro-GPON),805,3118, ,3-1-1-272-GE-1-1,fixed,none,none,none, , , , , , , ,
Simpson,E7-2 Simpson, ,8(@Data GPON),54(@HSI-LITE-GPON),1305,1197, ,4-2-8-247-GE-1-1,derived,none,none,none, , , , , , , ,
Cave In Rock,Cave In Rock, ,2(@Data GPON),54(@HSI-LITE-GPON),805,1706, ,1-2-3-275-GE-1-1,fixed,none,none,none, , , , , , , ,
Simpson,E7-2 Simpson, ,8(@Data GPON),56(@HSI-R-Pro-GPON),1305,1198, ,4-2-8-248-GE-1-1,derived,none,none,none, , , , , , , ,
Cave In Rock,Cave In Rock, ,2(@Data GPON),58(@HSI-R-Turbo-GPON),805,1127, ,1-2-3-277-GE-1-1,derived,none,none,none, , , , , , , ,
Simpson,E7-2 Simpson, ,8(@Data GPON),56(@HSI-R-Pro-GPON),1305,1199, ,4-2-8-249-GE-1-1,derived,none,none,none, , , , , , , ,
Simpson,E7-2 Simpson, ,8(@Data GPON),56(@HSI-R-Pro-GPON),1305,1200, ,4-2-8-250-GE-1-1,derived,none,none,none, , , , , , , ,
Cave In Rock,Cave In Rock, ,2(@Data GPON),58(@HSI-R-Turbo-GPON),805,1226, ,3-2-1-280-GE-1-1,derived,none,none,none, , , , , , , ,
Simpson,E7-2 Simpson, ,8(@Data GPON),56(@HSI-R-Pro-GPON),1305,1201, ,4-2-8-251-GE-1-1,derived,none,none,none, , , , , , , ,
Cave In Rock,Cave In Rock, ,2(@Data GPON),56(@HSI-R-Pro-GPON),805,1147, ,1-1-3-281-GE-1-1,derived,none,none,none, , , , , , , ,
Simpson,E7-2 Simpson, ,8(@Data GPON),54(@HSI-LITE-GPON),1305,1202, ,4-2-8-252-GE-1-1,derived,none,none,none, , , , , , , ,
Cave In Rock,Cave In Rock, ,2(@Data GPON),54(@HSI-LITE-GPON),805,3213, ,3-1-2-282-GE-1-1,fixed,none,none,none, , , , , , , ,
Simpson,E7-2 Simpson, ,8(@Data GPON),56(@HSI-R-Pro-GPON),1305,1203, ,4-2-8-253-GE-1-1,derived,none,none,none, , , , , , , ,
Cave In Rock,Cave In Rock, ,2(@Data GPON),56(@HSI-R-Pro-GPON),805,1151, ,1-2-3-284-GE-1-1,derived,none,none,none, , , , , , , ,
Simpson,E7-2 Simpson, ,8(@Data GPON),56(@HSI-R-Pro-GPON),1305,1204, ,4-2-8-254-GE-1-1,derived,none,none,none, , , , , , , ,
Cave In Rock,Cave In Rock, ,2(@Data GPON),54(@HSI-LITE-GPON),805,2218, ,2-1-2-286-GE-1-1,fixed,none,none,none, , , , , , , ,
Simpson,E7-2 Simpson, ,8(@Data GPON),56(@HSI-R-Pro-GPON),1305,1205, ,4-2-7-256-GE-1-1,derived,none,none,none, , , , , , , ,
Simpson,E7-2 Simpson, ,8(@Data GPON),56(@HSI-R-Pro-GPON),1305,1086, ,4-2-8-257-GE-1-1,derived,none,none,none, , , , , , , ,
Cave In Rock,Cave In Rock, ,2(@Data GPON),56(@HSI-R-Pro-GPON),805,1122, ,2-1-2-287-GE-1-1,derived,none,none,none, , , , , , , ,
Simpson,E7-2 Simpson, ,8(@Data GPON),56(@HSI-R-Pro-GPON),1305,1207, ,4-2-7-258-GE-1-1,derived,none,none,none, , , , , , , ,
Simpson,E7-2 Simpson, ,8(@Data GPON),56(@HSI-R-Pro-GPON),1305,1209, ,4-2-7-260-GE-1-1,derived,none,none,none, , , , , , , ,
Cave In Rock,Cave In Rock, ,2(@Data GPON),56(@HSI-R-Pro-GPON),805,1105, ,1-2-1-237-GE-1-1,fixed,none,none,none, , , , , , , ,
Simpson,E7-2 Simpson, ,8(@Data GPON),56(@HSI-R-Pro-GPON),1305,1173, ,4-2-7-218-GE-1-1,derived,none,none,none, , , , , , , ,
Cave In Rock,Cave In Rock, ,2(@Data GPON),54(@HSI-LITE-GPON),805,1223, ,1-1-3-239-GE-1-1,derived,none,none,none, , , , , , , ,
Simpson,E7-2 Simpson, ,8(@Data GPON),54(@HSI-LITE-GPON),1305,1174, ,4-2-7-219-GE-1-1,derived,none,none,none, , , , , , , ,
Simpson,E7-2 Simpson, ,8(@Data GPON),56(@HSI-R-Pro-GPON),1305,1175, ,4-2-7-220-GE-1-1,derived,none,none,none, , , , , , , ,
Cave In Rock,Cave In Rock, ,2(@Data GPON),56(@HSI-R-Pro-GPON),805,1111, ,1-1-1-242-GE-1-1,fixed,none,none,none, , , , , , , ,
Simpson,E7-2 Simpson, ,8(@Data GPON),56(@HSI-R-Pro-GPON),1305,1176, ,4-2-7-221-GE-1-1,derived,none,none,none, , , , , , , ,
Cave In Rock,Cave In Rock, ,2(@Data GPON),54(@HSI-LITE-GPON),805,1117, ,1-2-1-243-GE-1-1,fixed,none,none,none, , , , , , , ,
Simpson,E7-2 Simpson, ,8(@Data GPON),56(@HSI-R-Pro-GPON),1305,1177, ,4-2-7-222-GE-1-1,derived,none,none,none, , , , , , , ,
Cave In Rock,Cave In Rock, ,2(@Data GPON),43(@HSI-B-Pro-GPON),805,3115, ,3-1-1-244-GE-1-1,fixed,none,none,none, , , , , , , ,
Simpson,E7-2 Simpson, ,8(@Data GPON),56(@HSI-R-Pro-GPON),1305,1178, ,4-2-7-223-GE-1-1,derived,none,none,none, , , , , , , ,
Cave In Rock,Cave In Rock, ,2(@Data GPON),56(@HSI-R-Pro-GPON),805,1115, ,1-1-2-245-GE-1-1,derived,none,none,none, , , , , , , ,
Simpson,E7-2 Simpson, ,8(@Data GPON),56(@HSI-R-Pro-GPON),1305,1179, ,4-2-7-224-GE-1-1,derived,none,none,none, , , , , , , ,
Cave In Rock,Cave In Rock, ,2(@Data GPON),54(@HSI-LITE-GPON),805,3116, ,3-1-1-248-GE-1-1,fixed,none,none,none, , , , , , , ,
Simpson,E7-2 Simpson, ,8(@Data GPON),58(@HSI-R-Turbo-GPON),1305,1180, ,4-2-7-229-GE-1-1,derived,none,none,none, , , , , , , ,
Cave In Rock,Cave In Rock, ,2(@Data GPON),56(@HSI-R-Pro-GPON),805,1410, ,1-1-4-250-GE-1-1,fixed,none,none,none, , , , , , , ,
Simpson,E7-2 Simpson, ,8(@Data GPON),38(@HSI-R-Extreme-GPON),1305,1181, ,4-2-8-230-GE-1-1,derived,none,none,none, , , , , , , ,
Cave In Rock,Cave In Rock, ,2(@Data GPON),56(@HSI-R-Pro-GPON),805,2511, ,2-2-1-252-GE-1-1,fixed,none,none,none, , , , , , , ,
Simpson,E7-2 Simpson, ,8(@Data GPON),54(@HSI-LITE-GPON),1305,1238, ,4-2-8-231-GE-1-1,derived,none,none,none, , , , , , , ,
Cave In Rock,Cave In Rock, ,2(@Data GPON),54(@HSI-LITE-GPON),805,3311, ,3-1-3-253-GE-1-1,fixed,none,none,none, , , , , , , ,
Simpson,E7-2 Simpson, ,8(@Data GPON),58(@HSI-R-Turbo-GPON),1305,1183, ,4-2-8-232-GE-1-1,derived,none,none,none, , , , , , , ,
Cave In Rock,Cave In Rock, ,2(@Data GPON),43(@HSI-B-Pro-GPON),805,3214, ,3-1-2-290-GE-1-1,derived,none,none,none, , , , , , , ,
Simpson,E7-2 Simpson, ,8(@Data GPON),54(@HSI-LITE-GPON),1305,1224, ,5-1-1-275-GE-1-1,derived,none,none,none, , , , , , , ,
Cave In Rock,Cave In Rock, ,2(@Data GPON),56(@HSI-R-Pro-GPON),805,1319, ,1-1-3-291-GE-1-1,fixed,none,none,none, , , , , , , ,
Simpson,E7-2 Simpson, ,8(@Data GPON),54(@HSI-LITE-GPON),1305,1211, ,5-1-1-261-GE-1-1,derived,none,none,none, , , , , , , ,
Cave In Rock,Cave In Rock, ,2(@Data GPON),56(@HSI-R-Pro-GPON),805,2815, ,2-2-4-293-GE-1-1,fixed,none,none,none, , , , , , , ,
Simpson,E7-2 Simpson, ,8(@Data GPON),56(@HSI-R-Pro-GPON),1305,1212, ,5-1-1-262-GE-1-1,derived,none,none,none, , , , , , , ,
Cave In Rock,Cave In Rock, ,2(@Data GPON),56(@HSI-R-Pro-GPON),805,1157, ,1-1-4-294-GE-1-1,derived,none,none,none, , , , , , , ,
Simpson,E7-2 Simpson, ,8(@Data GPON),56(@HSI-R-Pro-GPON),1305,1213, ,5-1-1-263-GE-1-1,derived,none,none,none, , , , , , , ,
Cave In Rock,Cave In Rock, ,2(@Data GPON),56(@HSI-R-Pro-GPON),805,3215, ,3-1-2-295-GE-1-1,derived,none,none,none, , , , , , , ,
Simpson,E7-2 Simpson, ,8(@Data GPON),54(@HSI-LITE-GPON),1305,1214, ,5-1-1-264-GE-1-1,derived,none,none,none, , , , , , , ,
Cave In Rock,Cave In Rock, ,2(@Data GPON),56(@HSI-R-Pro-GPON),805,1165, ,2-1-4-298-GE-1-1,derived,none,none,none, , , , , , , ,
Simpson,E7-2 Simpson, ,8(@Data GPON),56(@HSI-R-Pro-GPON),1305,1215, ,5-1-1-265-GE-1-1,derived,none,none,none, , , , , , , ,
Cave In Rock,Cave In Rock, ,2(@Data GPON),43(@HSI-B-Pro-GPON),805,1107, ,1-2-3-300-GE-1-1,derived,none,none,none, , , , , , , ,
Simpson,E7-2 Simpson, ,8(@Data GPON),56(@HSI-R-Pro-GPON),1305,1208, ,4-2-7-266-GE-1-1,derived,none,none,none, , , , , , , ,
Cave In Rock,Cave In Rock, ,2(@Data GPON),56(@HSI-R-Pro-GPON),805,1124, ,1-2-1-301-GE-1-1,derived,none,none,none, , , , , , , ,
Simpson,E7-2 Simpson, ,8(@Data GPON),58(@HSI-R-Turbo-GPON),1305,1216, ,5-1-1-267-GE-1-1,derived,none,none,none, , , , , , , ,
Cave In Rock,Cave In Rock, ,2(@Data GPON),56(@HSI-R-Pro-GPON),805,1219, ,1-1-2-302-GE-1-1,derived,none,none,none, , , , , , , ,
Simpson,E7-2 Simpson, ,8(@Data GPON),58(@HSI-R-Turbo-GPON),1305,1217, ,5-1-1-268-GE-1-1,derived,none,none,none, , , , , , , ,
Cave In Rock,Cave In Rock, ,2(@Data GPON),56(@HSI-R-Pro-GPON),805,1110, ,2-1-4-303-GE-1-1,derived,none,none,none, , , , , , , ,
Simpson,E7-2 Simpson, ,8(@Data GPON),56(@HSI-R-Pro-GPON),1305,1218, ,5-1-1-269-GE-1-1,derived,none,none,none, , , , , , , ,
Cave In Rock,Cave In Rock, ,2(@Data GPON),54(@HSI-LITE-GPON),805,1220, ,1-1-2-304-GE-1-1,fixed,none,none,none, , , , , , , ,
Simpson,E7-2 Simpson, ,8(@Data GPON),58(@HSI-R-Turbo-GPON),1305,1219, ,5-1-1-270-GE-1-1,derived,none,none,none, , , , , , , ,
Cave In Rock,Cave In Rock, ,2(@Data GPON),56(@HSI-R-Pro-GPON),805,1177, ,2-1-4-305-GE-1-1,derived,none,none,none, , , , , , , ,
Simpson,E7-2 Simpson, ,8(@Data GPON),56(@HSI-R-Pro-GPON),1305,1220, ,5-1-2-271-GE-1-1,derived,none,none,none, , , , , , , ,
Cave In Rock,Cave In Rock, ,2(@Data GPON),58(@HSI-R-Turbo-GPON),805,1119, ,1-1-3-306-GE-1-1,derived,none,none,none, , , , , , , ,
Simpson,E7-2 Simpson, ,8(@Data GPON),56(@HSI-R-Pro-GPON),1305,1221, ,5-1-1-272-GE-1-1,derived,none,none,none, , , , , , , ,
Cave In Rock,Cave In Rock, ,2(@Data GPON),56(@HSI-R-Pro-GPON),805,3316, ,3-1-3-307-GE-1-1,fixed,none,none,none, , , , , , , ,
Simpson,E7-2 Simpson, ,8(@Data GPON),56(@HSI-R-Pro-GPON),1305,1222, ,5-1-1-273-GE-1-1,derived,none,none,none, , , , , , , ,
Cave In Rock,Cave In Rock, ,2(@Data GPON),56(@HSI-R-Pro-GPON),805,3122, ,3-1-1-309-GE-1-1,fixed,none,none,none, , , , , , , ,
Simpson,E7-2 Simpson, ,8(@Data GPON),56(@HSI-R-Pro-GPON),1305,1223, ,5-1-1-274-GE-1-1,derived,none,none,none, , , , , , , ,
Cave In Rock,Cave In Rock, ,2(@Data GPON),54(@HSI-LITE-GPON),805,3318, ,3-1-3-311-GE-1-1,fixed,none,none,none, , , , , , , ,
Cave In Rock,Cave In Rock, ,2(@Data GPON),56(@HSI-R-Pro-GPON),805,1190, ,3-1-3-312-GE-1-1,derived,none,none,none, , , , , , , ,
Simpson,E7-2 Simpson, ,8(@Data GPON),56(@HSI-R-Pro-GPON),1305,1225, ,5-1-1-276-GE-1-1,derived,none,none,none, , , , , , , ,
Simpson,E7-2 Simpson, ,8(@Data GPON),58(@HSI-R-Turbo-GPON),1305,1226, ,5-1-2-277-GE-1-1,derived,none,none,none, , , , , , , ,
Cave In Rock,Cave In Rock, ,2(@Data GPON),43(@HSI-B-Pro-GPON),805,3320, ,3-1-3-314-GE-1-1,fixed,none,none,none, , , , , , , ,
Cave In Rock,Cave In Rock, ,2(@Data GPON),54(@HSI-LITE-GPON),805,1806, ,1-2-4-329-GE-1-1,fixed,none,none,none, , , , , , , ,
Simpson,E7-2 Simpson, ,8(@Data GPON),56(@HSI-R-Pro-GPON),1305,1064, ,5-1-1-290-GE-1-1,derived,none,none,none, , , , , , , ,
Cave In Rock,Cave In Rock, ,2(@Data GPON),58(@HSI-R-Turbo-GPON),805,1519, ,1-2-1-330-GE-1-1,fixed,none,none,none, , , , , , , ,
Simpson,E7-2 Simpson, ,8(@Data GPON),56(@HSI-R-Pro-GPON),1305,1235, ,4-2-8-291-GE-1-1,derived,none,none,none, , , , , , , ,
Cave In Rock,Cave In Rock, ,2(@Data GPON),43(@HSI-B-Pro-GPON),805,3211, ,3-1-2-331-GE-2-1,fixed,none,none,none, , , , , , , ,
Simpson,E7-2 Simpson, ,8(@Data GPON),56(@HSI-R-Pro-GPON),1305,1236, ,5-1-2-293-GE-1-1,derived,none,none,none, , , , , , , ,
Cave In Rock,Cave In Rock, ,2(@Data GPON),54(@HSI-LITE-GPON),805,2817, ,2-2-4-335-GE-1-1,fixed,none,none,none, , , , , , , ,
Simpson,E7-2 Simpson, ,8(@Data GPON),56(@HSI-R-Pro-GPON),1305,1237, ,5-1-1-294-GE-1-1,derived,none,none,none, , , , , , , ,
Cave In Rock,Cave In Rock, ,2(@Data GPON),56(@HSI-R-Pro-GPON),805,1210, ,1-1-3-336-GE-1-1,derived,none,none,none, , , , , , , ,
Simpson,E7-2 Simpson, ,8(@Data GPON),56(@HSI-R-Pro-GPON),1305,1239, ,4-2-7-295-GE-1-1,derived,none,none,none, , , , , , , ,
Cave In Rock,Cave In Rock, ,2(@Data GPON),58(@HSI-R-Turbo-GPON),805,3124, ,3-1-1-337-GE-1-1,fixed,none,none,none, , , , , , , ,
Simpson,E7-2 Simpson, ,8(@Data GPON),56(@HSI-R-Pro-GPON),1305,1241, ,5-1-2-296-GE-1-1,derived,none,none,none, , , , , , , ,
Cave In Rock,Cave In Rock, ,2(@Data GPON),56(@HSI-R-Pro-GPON),805,1311, ,1-1-3-338-GE-1-1,fixed,none,none,none, , , , , , , ,
Simpson,E7-2 Simpson, ,8(@Data GPON),56(@HSI-R-Pro-GPON),1305,1242, ,4-2-4-297-GE-1-1,derived,none,none,none, , , , , , , ,
Simpson,E7-2 Simpson, ,23(@TLS),60(@GPON DATA 100dwn/100up),3999,Not Used, ,4-2-4-302-GE-1-1,cos-1,none,none,none, , , , , , , ,
Cave In Rock,Cave In Rock, ,2(@Data GPON),56(@HSI-R-Pro-GPON),805,1156, ,2-1-3-357-GE-1-1,derived,none,none,none, , , , , , , ,
Simpson,E7-2 Simpson, ,8(@Data GPON),56(@HSI-R-Pro-GPON),1305,1230, ,4-1-1-320-GE-1-1,derived,none,none,none, , , , , , , ,
Cave In Rock,Cave In Rock, ,2(@Data GPON),58(@HSI-R-Turbo-GPON),805,1159, ,3-1-1-363-GE-1-1,derived,none,none,none, , , , , , , ,
Simpson,E7-2 Simpson, ,8(@Data GPON),56(@HSI-R-Pro-GPON),1305,1182, ,4-1-5-325-GE-1-1,derived,none,none,none, , , , , , , ,
Cave In Rock,Cave In Rock, ,2(@Data GPON),54(@HSI-LITE-GPON),805,1224, ,1-2-1-366-GE-1-1,fixed,none,none,none, , , , , , , ,
Simpson,E7-2 Simpson, ,8(@Data GPON),56(@HSI-R-Pro-GPON),1305,1070, ,4-2-2-326-GE-1-1,derived,none,none,none, , , , , , , ,
Cave In Rock,Cave In Rock, ,2(@Data GPON),56(@HSI-R-Pro-GPON),805,1191, ,2-1-4-376-GE-1-1,derived,none,none,none, , , , , , , ,
Simpson,E7-2 Simpson, ,8(@Data GPON),56(@HSI-R-Pro-GPON),1305,1257, ,5-1-2-334-GE-1-1,derived,none,none,none, , , , , , , ,
Cave In Rock,Cave In Rock, ,2(@Data GPON),58(@HSI-R-Turbo-GPON),805,1185, ,1-2-1-377-GE-1-1,derived,none,none,none, , , , , , , ,
Simpson,E7-2 Simpson, ,8(@Data GPON),58(@HSI-R-Turbo-GPON),1305,1028, ,5-1-2-335-GE-1-1,derived,none,none,none, , , , , , , ,
Cave In Rock,Cave In Rock, ,2(@Data GPON),56(@HSI-R-Pro-GPON),805,1134, ,2-1-3-378-GE-1-1,derived,none,none,none, , , , , , , ,
Simpson,E7-2 Simpson, ,8(@Data GPON),56(@HSI-R-Pro-GPON),1305,1246, ,5-1-3-336-GE-1-1,derived,none,none,none, , , , , , , ,
Cave In Rock,Cave In Rock, ,2(@Data GPON),56(@HSI-R-Pro-GPON),805,3222, ,3-1-2-379-GE-1-1,fixed,none,none,none, , , , , , , ,
Simpson,E7-2 Simpson, ,8(@Data GPON),38(@HSI-R-Extreme-GPON),1305,1258, ,4-2-6-337-GE-1-1,derived,none,none,none, , , , , , , ,
Simpson,E7-2 Simpson, ,8(@Data GPON),56(@HSI-R-Pro-GPON),1305,1050, ,4-2-7-341-GE-1-1,derived,none,none,none, , , , , , , ,
Simpson,E7-2 Simpson, ,8(@Data GPON),58(@HSI-R-Turbo-GPON),1305,1152, ,4-1-3-342-GE-1-1,derived,none,none,none, , , , , , , ,
Cave In Rock,Cave In Rock, ,2(@Data GPON),56(@HSI-R-Pro-GPON),805,1116, ,2-1-2-381-GE-1-1,derived,none,none,none, , , , , , , ,
Simpson,E7-2 Simpson, ,8(@Data GPON),56(@HSI-R-Pro-GPON),1305,1193, ,4-1-7-343-GE-1-1,derived,none,none,none, , , , , , , ,
Cave In Rock,Cave In Rock, ,2(@Data GPON),58(@HSI-R-Turbo-GPON),805,3409, ,3-1-4-382-GE-1-1,derived,none,none,none, , , , , , , ,
Simpson,E7-2 Simpson, ,8(@Data GPON),58(@HSI-R-Turbo-GPON),1305,1261, ,4-2-1-345-GE-1-1,derived,none,none,none, , , , , , , ,
Cave In Rock,Cave In Rock, ,2(@Data GPON),43(@HSI-B-Pro-GPON),805,1113, ,2-2-2-383-GE-1-1,derived,none,none,none, , , , , , , ,
Simpson,E7-2 Simpson, ,8(@Data GPON),38(@HSI-R-Extreme-GPON),1305,1020, ,4-1-2-346-GE-1-1,derived,none,none,none, , , , , , , ,
Cave In Rock,Cave In Rock, ,2(@Data GPON),56(@HSI-R-Pro-GPON),805,1207, ,1-1-2-385-GE-1-1,derived,none,none,none, , , , , , , ,
Simpson,E7-2 Simpson, ,8(@Data GPON),56(@HSI-R-Pro-GPON),1305,1262, ,4-2-2-347-GE-1-1,derived,none,none,none, , , , , , , ,
Simpson,E7-2 Simpson, ,8(@Data GPON),56(@HSI-R-Pro-GPON),1305,1263, ,4-2-5-348-GE-1-1,derived,none,none,none, , , , , , , ,
Simpson,E7-2 Simpson, ,8(@Data GPON),56(@HSI-R-Pro-GPON),1305,1227, ,5-1-2-278-GE-1-1,derived,none,none,none, , , , , , , ,
Cave In Rock,Cave In Rock, ,2(@Data GPON),56(@HSI-R-Pro-GPON),805,2211, ,2-1-2-319-GE-1-1,fixed,none,none,none, , , , , , , ,
Simpson,E7-2 Simpson, ,8(@Data GPON),56(@HSI-R-Pro-GPON),1305,1228, ,5-1-2-279-GE-1-1,derived,none,none,none, , , , , , , ,
Cave In Rock,Cave In Rock, ,2(@Data GPON),54(@HSI-LITE-GPON),805,2209, ,2-1-2-321-GE-1-1,fixed,none,none,none, , , , , , , ,
Simpson,E7-2 Simpson, ,8(@Data GPON),58(@HSI-R-Turbo-GPON),1305,1229, ,5-1-2-280-GE-1-1,derived,none,none,none, , , , , , , ,
Simpson,E7-2 Simpson, ,8(@Data GPON),54(@HSI-LITE-GPON),1305,1231, ,5-1-2-282-GE-1-1,derived,none,none,none, , , , , , , ,
Cave In Rock,Cave In Rock, ,2(@Data GPON),56(@HSI-R-Pro-GPON),805,1132, ,3-1-4-323-GE-1-1,derived,none,none,none, , , , , , , ,
Simpson,E7-2 Simpson, ,8(@Data GPON),56(@HSI-R-Pro-GPON),1305,1232, ,5-1-2-283-GE-1-1,derived,none,none,none, , , , , , , ,
Cave In Rock,Cave In Rock, ,2(@Data GPON),58(@HSI-R-Turbo-GPON),805,1146, ,1-1-1-324-GE-1-1,fixed,none,none,none, , , , , , , ,
Simpson,E7-2 Simpson, ,8(@Data GPON),58(@HSI-R-Turbo-GPON),1305,1233, ,5-1-2-284-GE-1-1,derived,none,none,none, , , , , , , ,
Cave In Rock,Cave In Rock, ,2(@Data GPON),58(@HSI-R-Turbo-GPON),805,1218, ,3-1-1-326-GE-1-1,derived,none,none,none, , , , , , , ,
Simpson,E7-2 Simpson, ,8(@Data GPON),56(@HSI-R-Pro-GPON),1305,1210, ,5-1-1-285-GE-1-1,derived,none,none,none, , , , , , , ,
Cave In Rock,Cave In Rock, ,2(@Data GPON),56(@HSI-R-Pro-GPON),805,1174, ,3-1-4-327-GE-1-1,derived,none,none,none, , , , , , , ,
Simpson,E7-2 Simpson, ,23(@TLS),60(@GPON DATA 100dwn/100up),3999,Not Used, ,4-2-4-298-GE-1-1,cos-1,none,none,none, , , , , , , ,
Simpson,E7-2 Simpson, ,23(@TLS),60(@GPON DATA 100dwn/100up),3999,Not Used, ,4-2-4-299-GE-1-1,cos-1,none,none,none, , , , , , , ,
Simpson,E7-2 Simpson, ,8(@Data GPON),60(@GPON DATA 100dwn/100up),1305,2400, ,4-2-4-301-GE-1-1,derived,none,none,none, , , , , , , ,
Simpson,E7-2 Simpson, ,23(@TLS),60(@GPON DATA 100dwn/100up),3999,Not Used, ,4-2-4-301-GE-2-1,cos-1,none,none,none, , , , , , , ,
Cave In Rock,Cave In Rock, ,2(@Data GPON),38(@HSI-R-Extreme-GPON),805,1114, ,1-1-3-339-GE-1-1,derived,none,none,none, , , , , , , ,
Simpson,E7-2 Simpson, ,23(@TLS),60(@GPON DATA 100dwn/100up),3999,Not Used, ,4-2-4-303-GE-1-1,cos-1,none,none,none, , , , , , , ,
Simpson,E7-2 Simpson, ,23(@TLS),60(@GPON DATA 100dwn/100up),3999,Not Used, ,304-GE-1-1,cos-1,none,none,none, , , , , , , ,
Simpson,E7-2 Simpson, ,23(@TLS),60(@GPON DATA 100dwn/100up),3999,Not Used, ,4-2-4-305-GE-1-1,cos-1,none,none,none, , , , , , , ,
Simpson,E7-2 Simpson, ,23(@TLS),60(@GPON DATA 100dwn/100up),3999,Not Used, ,4-2-4-306-GE-1-1,cos-1,none,none,none, , , , , , , ,
Cave In Rock,Cave In Rock, ,2(@Data GPON),56(@HSI-R-Pro-GPON),805,1129, ,3-1-3-340-GE-1-1,derived,none,none,none, , , , , , , ,
Simpson,E7-2 Simpson, ,8(@Data GPON),41(@HSI-B-Extreme-GPON),1305,1092, ,4-2-6-309-GE-1-1,derived,none,none,none, , , , , , , ,
Simpson,E7-2 Simpson, ,8(@Data GPON),45(@HSI-B-Turbo-GPON),1305,1169, ,4-2-6-310-GE-1-1,derived,none,none,none, , , , , , , ,
Cave In Rock,Cave In Rock, ,2(@Data GPON),56(@HSI-R-Pro-GPON),805,1139, ,3-1-3-342-GE-1-1,derived,none,none,none, , , , , , , ,
Simpson,E7-2 Simpson, ,8(@Data GPON),56(@HSI-R-Pro-GPON),1305,1125, ,4-2-6-311-GE-1-1,derived,none,none,none, , , , , , , ,
Cave In Rock,Cave In Rock, ,2(@Data GPON),56(@HSI-R-Pro-GPON),805,1524, ,1-2-1-345-GE-1-1,fixed,none,none,none, , , , , , , ,
Simpson,E7-2 Simpson, ,8(@Data GPON),56(@HSI-R-Pro-GPON),1305,1244, ,5-1-2-312-GE-1-1,derived,none,none,none, , , , , , , ,
Cave In Rock,Cave In Rock, ,2(@Data GPON),56(@HSI-R-Pro-GPON),805,3422, ,3-1-4-346-GE-1-1,fixed,none,none,none, , , , , , , ,
Simpson,E7-2 Simpson, ,8(@Data GPON),56(@HSI-R-Pro-GPON),1305,1120, ,5-1-2-313-GE-1-1,derived,none,none,none, , , , , , , ,
Cave In Rock,Cave In Rock, ,2(@Data GPON),56(@HSI-R-Pro-GPON),805,1133, ,2-1-2-347-GE-1-1,derived,none,none,none, , , , , , , ,
Simpson,E7-2 Simpson, ,8(@Data GPON),54(@HSI-LITE-GPON),1305,1234, ,4-2-6-314-GE-1-1,derived,none,none,none, , , , , , , ,
Cave In Rock,Cave In Rock, ,2(@Data GPON),54(@HSI-LITE-GPON),805,1817, ,1-2-4-348-GE-1-1,fixed,none,none,none, , , , , , , ,
Simpson,E7-2 Simpson, ,8(@Data GPON),56(@HSI-R-Pro-GPON),1305,1164, ,5-1-2-315-GE-1-1,derived,none,none,none, , , , , , , ,
Cave In Rock,Cave In Rock, ,2(@Data GPON),38(@HSI-R-Extreme-GPON),805,1138, ,1-1-4-349-GE-1-1,derived,none,none,none, , , , , , , ,
Simpson,E7-2 Simpson, ,8(@Data GPON),54(@HSI-LITE-GPON),1305,1247, ,5-1-2-316-GE-1-1,derived,none,none,none, , , , , , , ,
Cave In Rock,Cave In Rock, ,2(@Data GPON),56(@HSI-R-Pro-GPON),805,2419, ,2-1-3-353-GE-1-1,fixed,none,none,none, , , , , , , ,
Simpson,E7-2 Simpson, ,8(@Data GPON),54(@HSI-LITE-GPON),1305,1126, ,4-2-2-317-GE-1-1,derived,none,none,none, , , , , , , ,
Cave In Rock,Cave In Rock, ,2(@Data GPON),56(@HSI-R-Pro-GPON),805,2420, ,2-1-4-355-GE-1-1,fixed,none,none,none, , , , , , , ,
Simpson,E7-2 Simpson, ,8(@Data GPON),56(@HSI-R-Pro-GPON),1305,1250, ,5-1-2-318-GE-1-1,derived,none,none,none, , , , , , , ,
Simpson,E7-2 Simpson, ,23(@TLS),60(@GPON DATA 100dwn/100up),3999,Not Used, ,4-2-4-321-GE-1-1,cos-1,none,none,none, , , , , , , ,
Cave In Rock,Cave In Rock, ,2(@Data GPON),58(@HSI-R-Turbo-GPON),805,3328, ,3-1-3-359-GE-1-1,fixed,none,none,none, , , , , , , ,
Simpson,E7-2 Simpson, ,8(@Data GPON),54(@HSI-LITE-GPON),1305,1251, ,4-2-5-322-GE-1-1,derived,none,none,none, , , , , , , ,
Cave In Rock,Cave In Rock, ,2(@Data GPON),54(@HSI-LITE-GPON),805,1153, ,3-1-4-367-GE-1-1,derived,none,none,none, , , , , , , ,
Simpson,E7-2 Simpson, ,8(@Data GPON),56(@HSI-R-Pro-GPON),1305,1249, ,4-1-7-327-GE-1-1,derived,none,none,none, , , , , , , ,
Simpson,E7-2 Simpson, ,8(@Data GPON),56(@HSI-R-Pro-GPON),1305,1147, ,5-1-2-328-GE-1-1,derived,none,none,none, , , , , , , ,
Cave In Rock,Cave In Rock, ,2(@Data GPON),54(@HSI-LITE-GPON),805,1176, ,1-1-1-370-GE-1-1,derived,none,none,none, , , , , , , ,
Simpson,E7-2 Simpson, ,8(@Data GPON),56(@HSI-R-Pro-GPON),1305,1253, ,4-1-8-329-GE-1-1,derived,none,none,none, , , , , , , ,
Cave In Rock,Cave In Rock, ,2(@Data GPON),56(@HSI-R-Pro-GPON),805,1141, ,2-1-3-373-GE-1-1,derived,none,none,none, , , , , , , ,
Simpson,E7-2 Simpson, ,8(@Data GPON),54(@HSI-LITE-GPON),1305,1206, ,4-2-7-331-GE-1-1,derived,none,none,none, , , , , , , ,
Cave In Rock,Cave In Rock, ,2(@Data GPON),54(@HSI-LITE-GPON),805,2304, ,2-1-3-375-GE-1-1,fixed,none,none,none, , , , , , , ,
Cave In Rock,Cave In Rock, ,2(@Data GPON),56(@HSI-R-Pro-GPON),805,1171, ,1-2-3-380-GE-1-1,derived,none,none,none, , , , , , , ,
Simpson,E7-2 Simpson, ,8(@Data GPON),56(@HSI-R-Pro-GPON),1305,1260, ,4-2-1-339-GE-1-1,derived,none,none,none, , , , , , , ,
Cave In Rock,Cave In Rock, ,2(@Data GPON),56(@HSI-R-Pro-GPON),805,1130, ,1-2-3-387-GE-1-1,derived,none,none,none, , , , , , , ,
Simpson,E7-2 Simpson, ,8(@Data GPON),38(@HSI-R-Extreme-GPON),1305,1265, ,4-1-3-349-GE-1-1,derived,none,none,none, , , , , , , ,
Cave In Rock,Cave In Rock, ,2(@Data GPON),56(@HSI-R-Pro-GPON),805,1183, ,1-1-4-393-GE-1-1,derived,none,none,none, , , , , , , ,
Cave In Rock,Cave In Rock, ,2(@Data GPON),56(@HSI-R-Pro-GPON),805,1189, ,2-2-2-394-GE-1-1,derived,none,none,none, , , , , , , ,
Simpson,E7-2 Simpson, ,8(@Data GPON),56(@HSI-R-Pro-GPON),1305,1266, ,4-2-1-350-GE-1-1,derived,none,none,none, , , , , , , ,
Cave In Rock,Cave In Rock, ,2(@Data GPON),38(@HSI-R-Extreme-GPON),805,1175, ,3-1-4-395-GE-1-1,derived,none,none,none, , , , , , , ,
Simpson,E7-2 Simpson, ,8(@Data GPON),54(@HSI-LITE-GPON),1305,1267, ,4-2-3-351-GE-1-1,derived,none,none,none, , , , , , , ,
Simpson,E7-2 Simpson, ,8(@Data GPON),56(@HSI-R-Pro-GPON),1305,1130, ,5-1-2-352-GE-1-1,derived,none,none,none, , , , , , , ,
Simpson,E7-2 Simpson, ,8(@Data GPON),58(@HSI-R-Turbo-GPON),1305,1269, ,5-1-2-353-GE-1-1,derived,none,none,none, , , , , , , ,
Simpson,E7-2 Simpson, ,8(@Data GPON),56(@HSI-R-Pro-GPON),1305,1270, ,4-2-5-354-GE-1-1,derived,none,none,none, , , , , , , ,
Simpson,E7-2 Simpson, ,8(@Data GPON),58(@HSI-R-Turbo-GPON),1305,1271, ,4-1-3-355-GE-1-1,derived,none,none,none, , , , , , , ,
Simpson,E7-2 Simpson, ,8(@Data GPON),56(@HSI-R-Pro-GPON),1305,1272, ,4-2-3-356-GE-1-1,derived,none,none,none, , , , , , , ,
Simpson,E7-2 Simpson, ,8(@Data GPON),56(@HSI-R-Pro-GPON),1305,1273, ,4-2-5-357-GE-1-1,derived,none,none,none, , , , , , , ,
Simpson,E7-2 Simpson, ,8(@Data GPON),56(@HSI-R-Pro-GPON),1305,1252, ,5-1-2-358-GE-1-1,derived,none,none,none, , , , , , , ,
Eldorado,Eldorado, ,8(@Data GPON),58(@HSI-R-Turbo-GPON),605,1000, ,1-2-3-1-GE-1-1,derived,none,none,none, , , , , , , ,
Leamington,Leamington, ,8(@Data GPON),56(@HSI-R-Pro-GPON),705,1311, ,2-1-1-16-GE-1-1,derived,none,none,none, , , , , , , ,
Cave In Rock,Cave In Rock, ,2(@Data GPON),56(@HSI-R-Pro-GPON),805,1143, ,3-2-1-396-GE-1-1,derived,none,none,none, , , , , , , ,
Simpson,E7-2 Simpson, ,8(@Data GPON),56(@HSI-R-Pro-GPON),1305,1274, ,5-1-4-359-GE-1-1,derived,none,none,none, , , , , , , ,
Simpson,E7-2 Simpson, ,8(@Data GPON),56(@HSI-R-Pro-GPON),1305,1275, ,4-2-3-360-GE-1-1,derived,none,none,none, , , , , , , ,
Simpson,E7-2 Simpson, ,8(@Data GPON),56(@HSI-R-Pro-GPON),1305,1276, ,5-1-2-361-GE-1-1,derived,none,none,none, , , , , , , ,
Simpson,E7-2 Simpson, ,8(@Data GPON),56(@HSI-R-Pro-GPON),1305,1053, ,5-1-2-362-GE-1-1,derived,none,none,none, , , , , , , ,
Simpson,E7-2 Simpson, ,8(@Data GPON),43(@HSI-B-Pro-GPON),1305,1042, ,4-1-7-363-GE-1-1,derived,none,none,none, , , , , , , ,
Simpson,E7-2 Simpson, ,8(@Data GPON),56(@HSI-R-Pro-GPON),1305,1240, ,4-1-4-364-GE-1-1,derived,none,none,none, , , , , , , ,
Simpson,E7-2 Simpson, ,8(@Data GPON),56(@HSI-R-Pro-GPON),1305,1277, ,5-1-1-365-GE-1-1,derived,none,none,none, , , , , , , ,
Simpson,E7-2 Simpson, ,8(@Data GPON),56(@HSI-R-Pro-GPON),1305,1066, ,4-2-1-366-GE-1-1,derived,none,none,none, , , , , , , ,
Golconda,Golconda, ,8(@Data GPON),56(@HSI-R-Pro-GPON),1105,3000, ,1-GE-1-1,derived,none,none,none, , , , , , , ,
Leamington,Leamington, ,8(@Data GPON),54(@HSI-LITE-GPON),705,1303, ,2-1-2-8-GE-1-1,derived,none,none,none, , , , , , , ,
Golconda,Golconda, ,8(@Data GPON),56(@HSI-R-Pro-GPON),1105,3001, ,2-GE-1-1,derived,none,none,none, , , , , , , ,
Eldorado,Eldorado, ,8(@Data GPON),56(@HSI-R-Pro-GPON),605,1006, ,1-2-3-6-GE-1-1,derived,none,none,none, , , , , , , ,
Eldorado,Eldorado, ,8(@Data GPON),56(@HSI-R-Pro-GPON),605,1001, ,1-2-3-2-GE-1-1,derived,none,none,none, , , , , , , ,
Leamington,Leamington, ,8(@Data GPON),56(@HSI-R-Pro-GPON),705,1306, ,2-1-2-11-GE-1-1,derived,none,none,none, , , , , , , ,
Leamington,Leamington, ,8(@Data GPON),54(@HSI-LITE-GPON),705,1300, ,2-1-2-3-GE-1-1,derived,none,none,none, , , , , , , ,
Eldorado,Eldorado, ,8(@Data GPON),56(@HSI-R-Pro-GPON),605,1002, ,1-2-3-3-GE-1-1,derived,none,none,none, , , , , , , ,
Eldorado,Eldorado, ,8(@Data GPON),56(@HSI-R-Pro-GPON),605,1008, ,1-1-2-10-GE-1-1,derived,none,none,none, , , , , , , ,
Eldorado,Eldorado, ,8(@Data GPON),58(@HSI-R-Turbo-GPON),605,1003, ,1-2-3-4-GE-1-1,derived,none,none,none, , , , , , , ,
Eldorado,Eldorado, ,8(@Data GPON),56(@HSI-R-Pro-GPON),605,1005, ,1-2-3-5-GE-1-1,derived,none,none,none, , , , , , , ,
Leamington,Leamington, ,8(@Data GPON),56(@HSI-R-Pro-GPON),705,1305, ,2-1-2-10-GE-1-1,derived,none,none,none, , , , , , , ,
Equality,Equality E7_20, ,8(@Data GPON),56(@HSI-R-Pro-GPON),1605,2000, ,1-20-6-3-GE-1-1,derived,none,none,none,none, , , , , , ,
Eldorado,Eldorado, ,8(@Data GPON),56(@HSI-R-Pro-GPON),605,1007, ,1-2-3-7-GE-1-1,derived,none,none,none, , , , , , , ,
Equality,Equality E7_20, ,8(@Data GPON),54(@HSI-LITE-GPON),1605,2001, ,1-20-1-2-GE-1-1,derived,none,none,none,none, , , , , , ,
Leamington,Leamington, ,8(@Data GPON),56(@HSI-R-Pro-GPON),705,1301, ,2-1-1-15-GE-1-1,derived,none,none,none, , , , , , , ,
Leamington,Leamington, ,8(@Data GPON),56(@HSI-R-Pro-GPON),705,1302, ,2-1-2-13-GE-1-1,derived,none,none,none, , , , , , , ,
Eldorado,Eldorado, ,8(@Data GPON),43(@HSI-B-Pro-GPON),605,1004, ,1-2-3-8-GE-1-1,derived,none,none,none, , , , , , , ,
Equality,Equality E7_20, ,8(@Data GPON),56(@HSI-R-Pro-GPON),1605,2002, ,1-20-1-4-GE-1-1,derived,none,none,none,none, , , , , , ,
